행사명,시작날짜,종료날짜
호러 할로윈 : The Expansion,20220902,20221113
불꽃축제,20221008,20221008
"2022, 청춘 커피 페스티벌",20221008,20221009
크리스마스 축제 : make a miracle,20211126,20211231
호러 할로윈 : The Escape,20210910,20211121
크리스마스 축제,20201121,20201231
호러 할로윈,20200905,20201115
"2020, 청춘 커피 페스티벌",20201207,20201213
크리스마스 축제,20191123,20191231
불꽃축제,20190504,20190504
30주년 축제 : make a miracle,20190629,20190825
호러 할로윈 : The Invitation,20190831,20191117
개화기 페스티벌,20190309,20190623
30주년 축제 : make a miracle,20190101,20190303
크리스마스 미라클,20181110,20181231
호러 할로윈 : The Virus,20180901,20181104
삼바축제,20180623,20180826
마스크 페스티벌,20180317,20180617
불꽃축제,20180101,20180101
