날짜,에버랜드,서울대공원,서울어린이대공원,롯데월드
20180101,770,175,241,1051
20180102,362,82,190,502
20180103,270,50,178,782
20180104,313,58,152,564
20180105,365,61,169,545
20180106,863,214,393,1211
20180107,652,152,376,615
20180108,291,62,121,596
20180109,208,53,167,405
20180110,180,54,161,627
20180111,162,39,163,481
20180112,139,47,192,463
20180113,443,102,331,1257
20180114,569,170,391,645
20180115,245,51,119,715
20180116,183,35,159,382
20180117,229,55,195,620
20180118,243,73,162,489
20180119,369,95,223,564
20180120,824,205,383,1514
20180121,585,211,387,757
20180122,314,56,120,590
20180123,172,52,160,450
20180124,142,33,165,644
20180125,135,39,143,506
20180126,109,46,165,609
20180127,341,92,325,1520
20180128,434,103,283,683
20180129,159,47,90,662
20180130,187,57,161,437
20180131,219,53,167,510
20180201,207,60,166,327
20180202,280,53,243,471
20180203,479,111,361,1244
20180204,275,88,281,613
20180205,130,53,107,459
20180206,112,38,120,301
20180207,156,58,159,457
20180208,222,67,158,417
20180209,245,87,269,442
20180210,743,158,354,1210
20180211,432,120,246,593
20180212,181,38,118,600
20180213,241,59,191,524
20180214,311,67,151,705
20180215,590,151,236,877
20180216,757,199,381,1031
20180217,877,230,325,1561
20180218,671,230,330,535
20180219,457,94,137,737
20180220,383,77,152,588
20180221,439,77,197,623
20180222,504,87,205,753
20180223,642,75,183,832
20180224,1126,344,475,1347
20180225,1321,577,767,831
20180226,887,173,280,946
20180227,902,109,223,925
20180228,445,65,238,1161
20180301,762,325,430,1172
20180302,651,138,317,837
20180303,2013,1337,1234,1164
20180304,694,340,348,577
20180305,270,97,267,391
20180306,326,152,219,321
20180307,326,99,223,322
20180308,207,65,143,262
20180309,357,86,236,462
20180310,1239,1008,999,1025
20180311,1157,1291,1351,690
20180312,323,140,200,420
20180313,428,120,271,275
20180314,667,295,452,438
20180315,142,56,151,375
20180316,748,153,313,509
20180317,2699,2413,1946,1018
20180318,1444,933,1075,908
20180319,422,70,144,392
20180320,409,97,241,328
20180321,175,51,172,366
20180322,458,109,243,390
20180323,735,168,296,515
20180324,1909,798,780,972
20180325,1287,596,680,856
20180326,527,121,207,382
20180327,505,93,180,309
20180328,658,125,241,395
20180329,656,113,229,389
20180330,1159,272,348,478
20180331,3540,2427,1791,974
20180401,1363,1215,1170,717
20180402,816,227,305,422
20180403,907,286,454,362
20180404,594,298,589,471
20180405,260,86,215,517
20180406,927,311,410,601
20180407,1603,1926,1243,1178
20180408,1154,1686,1100,963
20180409,933,544,482,395
20180410,894,552,504,420
20180411,761,423,354,460
20180412,998,613,540,533
20180413,1742,672,563,536
20180414,692,276,366,1101
20180415,2305,2078,1472,888
20180416,1391,437,456,442
20180417,936,310,421,378
20180418,977,317,374,500
20180419,1112,298,298,533
20180420,1503,345,379,522
20180421,3617,2865,1859,1010
20180422,1273,776,723,957
20180423,218,43,139,442
20180424,708,201,264,381
20180425,1254,402,551,402
20180426,1199,342,475,501
20180427,1407,410,672,538
20180428,2668,2332,1671,915
20180429,2349,2937,2058,762
20180430,2015,495,484,696
20180501,2729,1821,1544,830
20180502,303,79,183,537
20180503,864,242,366,503
20180504,1515,532,696,634
20180505,3956,4585,3397,1084
20180506,916,388,613,1318
20180507,2326,2893,2456,908
20180508,994,360,454,310
20180509,909,311,439,375
20180510,932,282,590,460
20180511,1268,372,447,514
20180512,619,163,374,1152
20180513,1538,1989,1765,748
20180514,813,249,305,387
20180515,871,298,384,432
20180516,288,68,171,455
20180517,265,118,148,539
20180518,962,249,364,475
20180519,3632,4301,2781,961
20180520,3315,3843,2230,861
20180521,5060,2008,1430,1301
20180522,2071,2963,2154,825
20180523,861,232,324,362
20180524,817,212,315,357
20180525,1057,319,521,464
20180526,2910,2096,1167,906
20180527,1733,1874,1202,757
20180528,1337,336,324,394
20180529,907,304,328,339
20180530,1018,307,328,383
20180531,1131,349,383,443
20180601,1459,379,362,465
20180602,2569,1998,1196,790
20180603,1742,1696,1027,661
20180604,1225,275,247,410
20180605,1490,393,324,514
20180606,1950,2150,1305,740
20180607,1000,272,263,412
20180608,1163,274,461,374
20180609,2017,1425,1142,789
20180610,1511,1553,1199,606
20180611,905,215,292,363
20180612,1310,301,355,412
20180613,1826,1717,1386,610
20180614,882,161,283,446
20180615,1117,264,378,413
20180616,2198,1607,1273,768
20180617,1518,1083,879,652
20180618,808,162,218,371
20180619,742,167,249,391
20180620,769,186,270,367
20180621,830,177,303,412
20180622,1044,176,342,524
20180623,2236,1008,840,930
20180624,1214,631,564,667
20180625,869,174,204,427
20180626,229,38,143,398
20180627,668,125,265,403
20180628,623,162,216,427
20180629,967,191,290,569
20180630,1093,336,417,979
20180701,349,63,146,675
20180702,203,31,133,369
20180703,532,127,194,388
20180704,614,135,201,375
20180705,520,107,220,414
20180706,1013,202,323,563
20180707,2289,1254,1195,951
20180708,1687,1261,1107,757
20180709,245,47,108,393
20180710,424,99,200,361
20180711,554,121,233,312
20180712,537,113,216,432
20180713,739,140,253,541
20180714,1483,444,519,733
20180715,937,296,465,668
20180716,466,70,166,400
20180717,460,77,139,375
20180718,399,78,172,386
20180719,444,76,206,443
20180720,627,115,222,573
20180721,1075,216,389,836
20180722,837,136,266,644
20180723,485,62,129,424
20180724,425,66,195,468
20180725,453,83,201,449
20180726,531,84,210,583
20180727,612,137,259,535
20180728,881,147,317,882
20180729,921,182,309,833
20180730,985,112,163,1147
20180731,752,103,318,1030
20180801,871,80,293,1103
20180802,883,80,359,1212
20180803,875,96,241,1121
20180804,1025,149,309,898
20180805,733,161,259,698
20180806,731,69,135,678
20180807,875,78,242,546
20180808,1062,68,212,599
20180809,720,76,225,607
20180810,881,92,282,731
20180811,1287,280,463,868
20180812,969,293,339,836
20180813,769,103,161,684
20180814,861,76,224,753
20180815,960,233,445,857
20180816,689,62,174,585
20180817,952,169,267,554
20180818,2005,974,922,785
20180819,1341,835,804,627
20180820,821,131,191,517
20180821,721,130,248,547
20180822,751,105,239,500
20180823,215,52,135,370
20180824,379,81,163,535
20180825,2241,1331,1386,995
20180826,949,661,1008,820
20180827,417,67,190,564
20180828,244,46,158,470
20180829,299,72,154,351
20180830,558,129,215,423
20180831,1011,216,317,566
20180901,2361,1736,1352,827
20180902,1945,1758,1505,698
20180903,330,49,126,338
20180904,696,182,308,368
20180905,931,261,358,432
20180906,923,217,322,402
20180907,1087,274,448,468
20180908,3291,2505,1928,956
20180909,2122,2348,1992,722
20180910,1131,285,311,393
20180911,1008,247,394,370
20180912,1093,272,359,435
20180913,1124,263,371,385
20180914,1007,226,336,470
20180915,2025,1248,1095,929
20180916,1436,995,673,607
20180917,1145,305,268,354
20180918,1016,261,357,415
20180919,999,219,280,378
20180920,430,100,244,490
20180921,636,112,189,607
20180922,2418,1467,1219,880
20180923,2184,1093,1030,878
20180924,2853,1483,1319,1045
20180925,3652,2702,2117,1155
20180926,2173,1831,1511,695
20180927,1739,413,425,484
20180928,1420,363,397,449
20180929,2930,2206,1592,851
20180930,2058,1873,1506,629
20181001,1078,255,250,416
20181002,1434,276,424,459
20181003,2462,2902,2148,861
20181004,1282,269,333,418
20181005,325,116,182,675
20181006,768,211,410,977
20181007,2872,2689,1836,906
20181008,5471,998,1096,1199
20181009,2660,2591,2174,880
20181010,1077,225,295,408
20181011,939,230,424,455
20181012,1370,346,392,487
20181013,3130,1795,1431,1046
20181014,1942,2127,1410,811
20181015,1298,238,317,425
20181016,1075,220,372,419
20181017,1207,294,434,521
20181018,1293,331,423,554
20181019,1831,569,498,710
20181020,4018,2268,1757,1378
20181021,2494,2231,1483,1064
20181022,1353,350,307,494
20181023,1036,167,206,498
20181024,1333,329,327,474
20181025,1546,384,419,492
20181026,882,200,239,854
20181027,3545,2207,1350,1732
20181028,1192,571,433,1264
20181029,1150,256,220,573
20181030,913,231,312,509
20181031,1063,215,250,737
20181101,1091,221,266,553
20181102,1407,392,314,661
20181103,2973,1681,1184,1322
20181104,2095,1693,1124,1041
20181105,987,244,258,393
20181106,717,131,212,368
20181107,537,99,187,456
20181108,226,56,146,548
20181109,936,231,271,604
20181110,1673,596,583,1128
20181111,1130,623,443,827
20181112,764,182,232,472
20181113,637,160,300,468
20181114,682,166,242,453
20181115,670,161,239,442
20181116,788,170,245,583
20181117,1693,810,839,1182
20181118,1279,687,656,845
20181119,623,119,228,538
20181120,472,116,216,412
20181121,267,75,159,418
20181122,463,122,183,520
20181123,567,133,210,635
20181124,883,170,287,1027
20181125,1058,338,401,1008
20181126,569,80,239,573
20181127,338,57,148,482
20181128,353,61,146,431
20181129,458,87,180,535
20181130,500,121,194,679
20181201,1300,424,546,1232
20181202,949,383,449,799
20181203,225,43,125,483
20181204,314,53,177,423
20181205,308,72,151,449
20181206,406,62,195,457
20181207,393,63,146,673
20181208,542,96,298,1323
20181209,438,104,173,979
20181210,279,57,153,449
20181211,228,58,146,487
20181212,243,63,181,520
20181213,252,72,157,464
20181214,321,90,181,657
20181215,839,141,241,1272
20181216,539,117,178,841
20181217,284,60,155,528
20181218,303,79,159,572
20181219,334,77,185,558
20181220,355,115,137,585
20181221,406,78,216,689
20181222,1004,215,315,1273
20181223,1276,293,395,1261
20181224,1413,98,224,1405
20181225,2096,229,352,1903
20181226,560,81,171,855
20181227,325,54,195,881
20181228,293,70,203,856
20181229,556,107,213,1135
20181230,623,124,210,1155
20181231,1575,96,187,1500
20190101,676,132,214,884
20190102,289,41,133,611
20190103,294,55,150,685
20190104,341,69,173,759
20190105,647,161,289,1045
20190106,640,206,318,836
20190107,265,57,126,562
20190108,269,62,154,511
20190109,193,60,159,531
20190110,299,53,167,606
20190111,350,80,186,688
20190112,745,184,373,1197
20190113,527,160,252,846
20190114,220,31,86,495
20190115,231,34,116,583
20190116,253,57,150,575
20190117,325,63,196,672
20190118,447,92,213,790
20190119,747,183,306,1274
20190120,775,205,320,955
20190121,330,71,135,647
20190122,300,74,139,584
20190123,280,81,165,580
20190124,381,86,174,611
20190125,423,79,189,675
20190126,987,186,393,1174
20190127,901,281,396,894
20190128,345,69,135,562
20190129,330,73,192,563
20190130,361,79,152,540
20190131,292,63,148,522
20190201,279,68,170,517
20190202,842,182,267,966
20190203,253,73,168,1258
20190204,915,219,340,1351
20190205,979,343,508,1084
20190206,733,247,334,886
20190207,436,75,167,763
20190208,365,93,198,785
20190209,714,170,340,1142
20190210,575,141,311,898
20190211,345,55,147,518
20190212,301,65,158,536
20190213,309,60,181,578
20190214,365,81,263,551
20190215,350,57,181,658
20190216,911,211,374,1245
20190217,928,332,482,1065
20190218,471,352,190,683
20190219,159,230,116,443
20190220,363,327,164,615
20190221,535,325,171,767
20190222,616,295,266,795
20190223,1232,436,683,1362
20190224,1439,767,944,1189
20190225,795,296,222,917
20190226,1049,429,332,1016
20190227,1095,393,379,1043
20190228,1370,325,318,1330
20190301,2328,591,578,1899
20190302,1619,449,599,1418
20190303,738,363,448,796
20190304,327,137,273,378
20190305,244,149,229,334
20190306,233,160,190,297
20190307,388,210,225,345
20190308,625,274,283,447
20190309,2359,1831,1564,1014
20190310,1142,878,901,731
20190311,473,169,233,363
20190312,335,158,211,326
20190313,374,164,266,376
20190314,431,221,230,427
20190315,477,222,227,459
20190316,2027,850,793,1135
20190317,2388,1572,1794,923
20190318,829,246,305,385
20190319,721,272,273,398
20190320,303,162,185,341
20190321,499,147,217,389
20190322,1015,203,348,473
20190323,1482,466,603,1193
20190324,2286,1399,1538,900
20190325,891,249,215,406
20190326,708,235,305,397
20190327,678,213,230,425
20190328,837,195,279,444
20190329,1644,350,428,550
20190330,1490,358,465,1326
20190331,2037,496,565,971
20190401,1085,189,305,499
20190402,777,155,350,375
20190403,900,192,344,413
20190404,1114,259,433,420
20190405,1768,325,540,591
20190406,2338,1344,1250,1275
20190407,3518,4160,4233,961
20190408,1724,648,893,494
20190409,828,270,489,539
20190410,625,201,322,476
20190411,1445,589,722,551
20190412,2678,914,854,683
20190413,5520,5668,3725,1144
20190414,923,789,560,803
20190415,1858,727,575,471
20190416,1606,606,565,474
20190417,1626,609,554,414
20190418,1410,369,367,508
20190419,2130,490,526,579
20190420,4915,3058,2512,1049
20190421,2740,1949,1770,799
20190422,1873,443,430,502
20190423,1028,238,323,430
20190424,1087,205,364,528
20190425,772,122,337,535
20190426,1349,300,366,701
20190427,4758,2770,2356,989
20190428,3023,1749,1596,766
20190429,1297,215,362,531
20190430,1822,378,531,519
20190501,4434,3036,2550,1126
20190502,2496,437,604,719
20190503,2927,639,666,786
20190504,3451,1530,1397,1398
20190505,3446,2720,2636,1120
20190506,3116,2640,2568,972
20190507,1898,353,474,546
20190508,935,225,345,360
20190509,1160,272,416,422
20190510,1664,385,617,563
20190511,3207,1586,1241,946
20190512,2090,1705,1569,729
20190513,1311,258,315,435
20190514,1524,244,414,363
20190515,1334,248,489,531
20190516,1557,291,336,535
20190517,2611,359,453,523
20190518,4529,1956,1581,935
20190519,1057,258,319,892
20190520,1426,312,398,442
20190521,1403,345,470,430
20190522,1416,265,402,444
20190523,1549,245,584,436
20190524,1880,337,612,525
20190525,3678,1956,1292,1078
20190526,3068,2125,1641,792
20190527,431,94,165,447
20190528,1519,410,447,414
20190529,1326,397,420,464
20190530,1418,345,342,435
20190531,1880,467,510,563
20190601,3707,3036,1533,916
20190602,2557,2517,1481,691
20190603,1284,338,324,407
20190604,1191,273,359,416
20190605,2049,345,344,513
20190606,3854,1877,1313,1256
20190607,2470,308,389,1554
20190608,5406,2609,1980,973
20190609,2712,1231,1066,669
20190610,1135,188,278,381
20190611,1338,236,423,410
20190612,1310,225,359,487
20190613,1336,202,400,410
20190614,4029,241,361,518
20190615,3025,1425,1377,973
20190616,2562,1611,1518,711
20190617,1422,225,367,433
20190618,803,143,276,447
20190619,888,162,269,468
20190620,1367,215,398,472
20190621,1447,216,354,527
20190622,3161,1520,1364,1063
20190623,2412,1337,1160,780
20190624,1309,161,297,403
20190625,1016,179,265,405
20190626,908,127,298,466
20190627,950,130,283,498
20190628,1382,195,277,556
20190629,1825,626,663,1155
20190630,2405,1080,973,812
20190701,1094,182,294,460
20190702,934,156,291,473
20190703,878,143,321,457
20190704,992,153,330,506
20190705,1442,150,235,604
20190706,2639,444,607,1127
20190707,1923,450,624,764
20190708,963,126,253,449
20190709,865,151,285,430
20190710,550,126,224,533
20190711,552,76,254,548
20190712,1336,213,359,585
20190713,2386,848,922,1036
20190714,1706,681,732,812
20190715,690,79,220,467
20190716,644,126,260,468
20190717,872,135,248,532
20190718,958,111,277,532
20190719,1375,155,316,660
20190720,1586,348,538,1149
20190721,1398,342,533,1058
20190722,1003,138,251,605
20190723,1034,132,282,601
20190724,861,81,229,634
20190725,630,78,224,703
20190726,524,112,238,902
20190727,1654,388,574,1118
20190728,1103,174,248,1110
20190729,2562,374,484,1538
20190730,2187,271,484,1351
20190731,1442,131,297,1454
20190801,2923,370,526,1870
20190802,2765,298,500,1629
20190803,2372,376,506,1289
20190804,1670,292,410,1039
20190805,1781,129,242,1101
20190806,1386,112,289,1003
20190807,1218,169,266,924
20190808,1347,134,279,916
20190809,1533,166,445,976
20190810,1972,298,447,1147
20190811,1515,354,412,994
20190812,738,58,195,833
20190813,1383,99,269,875
20190814,1634,100,353,997
20190815,1425,183,355,1373
20190816,2256,249,378,1221
20190817,2833,820,935,1186
20190818,2664,926,961,878
20190819,1475,166,314,691
20190820,1316,146,364,715
20190821,1060,140,382,612
20190822,1184,176,348,722
20190823,1553,213,414,718
20190824,3539,1416,1559,1126
20190825,2804,1519,1476,1096
20190826,1296,188,369,625
20190827,1047,191,354,580
20190828,1165,219,396,547
20190829,823,126,325,545
20190830,1838,347,497,595
20190831,4357,2595,1863,1196
20190901,2968,1976,1823,783
20190902,1366,237,414,458
20190903,1055,186,402,471
20190904,384,58,272,469
20190905,348,76,321,545
20190906,744,117,332,556
20190907,288,66,191,626
20190908,2271,1024,970,929
20190909,722,116,332,515
20190910,539,96,302,516
20190911,1625,230,455,632
20190912,3380,648,843,1335
20190913,4926,1950,1717,1358
20190914,3907,1570,1476,1428
20190915,2744,1729,1624,803
20190916,2317,375,477,586
20190917,1484,266,419,455
20190918,1572,519,398,470
20190919,1691,260,451,560
20190920,2060,312,518,588
20190921,4201,1453,1458,1503
20190922,577,155,419,1003
20190923,1568,304,455,529
20190924,1945,336,455,552
20190925,1871,288,574,628
20190926,2021,299,548,639
20190927,2676,381,623,639
20190928,5973,3343,2156,1360
20190929,4204,2860,2277,1020
20190930,2048,310,438,562
20191001,2022,324,464,621
20191002,820,112,308,968
20191003,3801,2014,1518,1533
20191004,9727,1510,1407,1957
20191005,5146,2179,1619,1365
20191006,3823,2436,2357,1008
20191007,3788,437,592,843
20191008,4407,3214,2621,1186
20191009,2314,311,445,643
20191010,3164,404,782,708
20191011,5968,2419,2341,1399
20191012,3724,2249,1957,936
20191013,2061,319,494,548
20191014,1909,334,597,634
20191015,1890,385,613,658
20191016,2268,389,577,758
20191017,3393,532,599,871
20191018,6353,2596,2139,1536
20191019,4007,2253,1684,1092
20191020,2358,354,383,678
20191021,1931,368,418,594
20191022,2205,376,463,717
20191023,2470,450,519,792
20191024,3499,1090,646,852
20191025,7677,2713,1547,1842
20191026,5307,2224,1650,1470
20191027,2263,345,430,715
20191028,1955,241,387,756
20191029,2283,329,373,816
20191030,2447,328,430,919
20191031,2847,333,425,957
20191101,5820,1651,1212,1685
20191102,3162,1497,1306,1266
20191103,2150,458,454,601
20191104,1546,309,516,567
20191105,1480,278,386,600
20191106,1664,268,398,667
20191107,2149,377,381,853
20191108,4532,1744,1297,1630
20191109,2315,1241,975,1131
20191110,1512,249,340,715
20191111,1432,244,389,593
20191112,687,133,303,710
20191113,1264,197,334,671
20191114,884,151,272,913
20191115,3305,802,894,1640
20191116,693,150,345,1207
20191117,714,125,236,610
20191118,623,105,239,570
20191119,624,123,252,607
20191120,715,177,255,615
20191121,1301,408,306,803
20191122,3338,1293,1182,1483
20191123,1456,517,643,1132
20191124,801,138,315,828
20191125,718,119,288,627
20191126,644,119,264,707
20191127,704,161,267,733
20191128,1047,174,263,957
20191129,2224,594,663,1732
20191130,535,148,197,920
20191201,635,113,187,650
20191202,364,83,198,576
20191203,491,111,230,606
20191204,413,83,224,678
20191205,580,98,220,831
20191206,1310,183,335,1651
20191207,1315,264,376,1186
20191208,526,86,193,703
20191209,417,83,187,598
20191210,426,76,195,701
20191211,597,121,222,831
20191212,838,86,247,1004
20191213,2095,320,485,1834
20191214,1834,460,534,1401
20191215,872,117,226,862
20191216,402,72,209,799
20191217,646,108,213,745
20191218,714,97,240,873
20191219,923,107,287,989
20191220,2066,208,360,1831
20191221,1570,254,369,1353
20191222,1007,88,203,1173
20191223,1996,115,250,1209
20191224,4810,336,353,2923
20191225,958,87,236,1414
20191226,1131,120,266,1285
20191227,2328,273,461,1503
20191228,1565,280,368,1325
20191229,1675,136,217,2363
20191230,2627,104,300,1591
20191231,1021,144,219,1184
20200101,781,82,179,1212
20200102,824,123,226,1220
20200103,1326,280,420,1539
20200104,1126,294,456,1215
20200105,292,57,148,761
20200106,192,58,157,776
20200107,306,83,169,790
20200108,574,85,199,915
20200109,643,134,252,991
20200110,1425,277,424,1667
20200111,1188,266,412,1220
20200112,648,91,197,885
20200113,519,99,204,860
20200114,542,96,190,781
20200115,576,87,184,804
20200116,696,124,237,951
20200117,1530,290,452,1636
20200118,1027,222,337,1304
20200119,587,82,178,831
20200120,585,105,218,844
20200121,543,85,234,801
20200122,691,111,270,920
20200123,1301,220,348,1401
20200124,1402,370,602,1292
20200125,1783,505,707,1244
20200126,824,242,363,910
20200127,471,92,180,534
20200128,377,105,131,405
20200129,352,96,172,337
20200130,405,107,203,341
20200131,585,170,257,433
20200201,412,169,203,340
20200202,248,76,217,351
20200203,223,68,238,296
20200204,189,60,178,302
20200205,239,69,195,301
20200206,319,88,206,265
20200207,685,171,256,394
20200208,694,236,317,380
20200209,443,120,175,314
20200210,547,107,206,375
20200211,159,48,178,282
20200212,488,88,156,346
20200213,771,143,217,493
20200214,1597,440,487,784
20200215,434,102,162,610
20200216,226,56,149,389
20200217,329,93,189,404
20200218,488,97,195,436
20200219,614,111,206,399
20200220,544,107,196,350
20200221,692,139,273,405
20200222,793,267,346,289
20200223,437,116,136,215
20200224,162,51,105,217
20200225,371,117,133,195
20200226,497,110,217,236
20200227,225,82,129,187
20200228,917,246,276,313
20200229,693,161,160,233
20200301,443,139,151,220
20200302,498,124,152,220
20200303,322,88,125,217
20200304,439,109,177,262
20200305,622,165,197,269
20200306,1093,343,285,394
20200307,1627,666,397,426
20200308,744,176,185,255
20200309,159,61,123,227
20200310,714,178,183,274
20200311,1107,182,196,273
20200312,758,181,219,284
20200313,1422,572,364,421
20200314,1057,430,295,362
20200315,650,145,198,265
20200316,664,99,174,242
20200317,1002,266,217,275
20200318,330,87,177,251
20200319,1171,260,247,291
20200320,1775,944,495,391
20200321,1804,1269,607,356
20200322,881,304,241,244
20200323,932,312,313,245
20200324,1057,350,247,314
20200325,613,177,225,224
20200326,856,299,281,282
20200327,1860,958,586,307
20200328,1864,1253,742,311
20200329,1200,473,341,269
20200330,1161,493,333,327
20200331,1034,437,315,246
20200401,1211,605,392,280
20200402,1301,741,358,271
20200403,1963,1933,621,351
20200404,1639,1725,675,270
20200405,852,580,289,212
20200406,837,564,306,221
20200407,904,578,337,244
20200408,949,505,283,210
20200409,1130,580,262,241
20200410,1648,1314,500,346
20200411,1271,1088,410,267
20200412,1047,427,242,220
20200413,1314,427,293,247
20200414,1837,1191,430,275
20200415,1224,435,294,221
20200416,323,124,178,237
20200417,2383,1748,655,374
20200418,883,439,250,293
20200419,698,134,170,249
20200420,737,206,148,236
20200421,460,122,176,263
20200422,786,188,212,283
20200423,957,312,214,302
20200424,2135,1109,468,450
20200425,2359,1794,666,418
20200426,1234,350,203,252
20200427,1512,472,258,294
20200428,1824,405,311,337
20200429,5634,2475,1008,534
20200430,4447,2300,1130,519
20200501,2790,1634,989,476
20200502,2382,1499,1082,469
20200503,3806,1505,1087,484
20200504,3126,2672,2353,876
20200505,1742,424,544,310
20200506,1484,428,519,311
20200507,1103,354,444,267
20200508,467,104,249,436
20200509,1435,915,807,374
20200510,1094,294,303,183
20200511,1040,285,267,223
20200512,1334,390,419,260
20200513,1292,342,347,260
20200514,349,61,166,249
20200515,1495,752,609,341
20200516,1848,1333,1108,298
20200517,601,223,222,247
20200518,459,171,215,232
20200519,1487,393,408,268
20200520,1814,467,429,255
20200521,1673,404,394,276
20200522,2964,2021,1251,450
20200523,1537,962,795,341
20200524,1590,393,382,260
20200525,1119,330,302,253
20200526,1400,444,444,262
20200527,1355,377,389,318
20200528,1668,392,430,292
20200529,2753,1295,785,427
20200530,2132,1150,826,403
20200531,1365,356,404,250
20200601,537,122,260,270
20200602,1067,297,380,292
20200603,1186,278,313,281
20200604,1652,344,396,348
20200605,3030,1454,931,534
20200606,2250,1115,741,370
20200607,1073,223,332,142
20200608,885,228,303,178
20200609,767,222,310,254
20200610,869,209,346,229
20200611,1176,317,431,248
20200612,1561,776,593,321
20200613,1865,896,676,282
20200614,999,236,346,246
20200615,913,231,342,233
20200616,885,215,334,254
20200617,1018,287,327,220
20200618,1307,271,379,290
20200619,2318,1046,690,394
20200620,1746,915,662,327
20200621,840,200,306,249
20200622,912,222,299,247
20200623,252,97,261,267
20200624,468,106,272,281
20200625,1323,253,354,299
20200626,2769,1168,814,490
20200627,1883,990,772,353
20200628,698,166,305,263
20200629,479,131,276,281
20200630,942,243,347,246
20200701,1018,286,330,295
20200702,1249,253,369,277
20200703,2696,1177,761,432
20200704,2036,1122,841,374
20200705,1055,230,291,227
20200706,825,229,319,262
20200707,891,209,356,273
20200708,864,186,319,260
20200709,722,173,322,301
20200710,2710,1136,786,491
20200711,1862,1101,857,429
20200712,212,79,213,278
20200713,796,218,341,272
20200714,1201,315,383,295
20200715,1234,261,328,316
20200716,1323,279,389,361
20200717,3205,1243,886,551
20200718,1079,311,351,450
20200719,621,161,260,308
20200720,1041,239,352,326
20200721,511,126,297,415
20200722,263,84,252,339
20200723,711,168,315,387
20200724,3265,1460,1054,642
20200725,2395,1311,1133,588
20200726,995,175,276,473
20200727,1000,209,367,483
20200728,649,138,307,571
20200729,1430,334,479,632
20200730,2393,504,531,641
20200731,1252,276,342,766
20200801,673,134,213,656
20200802,587,90,173,785
20200803,1039,228,267,750
20200804,901,121,231,682
20200805,941,229,305,763
20200806,1476,400,457,769
20200807,1156,464,543,809
20200808,439,66,192,562
20200809,771,148,203,531
20200810,687,133,266,471
20200811,1626,324,420,555
20200812,1806,254,372,650
20200813,1262,191,329,725
20200814,1433,246,343,676
20200815,3196,1118,687,540
20200816,1937,614,480,268
20200817,977,164,306,235
20200818,694,153,267,222
20200819,460,181,240,209
20200820,425,152,244,169
20200821,445,185,285,168
20200822,649,333,281,173
20200823,400,129,244,165
20200824,413,127,257,197
20200825,333,96,206,186
20200826,257,82,159,166
20200827,352,123,200,174
20200828,488,150,219,172
20200829,675,272,241,164
20200830,435,153,232,150
20200831,413,182,190,129
20200901,183,67,140,160
20200902,353,190,217,140
20200903,887,369,352,155
20200904,1147,773,521,179
20200905,731,494,387,181
20200906,113,66,126,121
20200907,838,392,365,177
20200908,404,163,202,128
20200909,840,302,275,151
20200910,803,312,289,164
20200911,981,450,326,221
20200912,2115,1755,799,209
20200913,902,394,351,194
20200914,915,300,301,170
20200915,423,148,198,198
20200916,1020,309,342,215
20200917,1526,536,388,243
20200918,2860,2034,1134,382
20200919,2549,2092,1131,358
20200920,1213,377,392,233
20200921,1238,414,411,257
20200922,1469,408,460,285
20200923,1510,442,449,308
20200924,1594,431,427,291
20200925,3305,2061,1106,415
20200926,3236,2367,1367,379
20200927,2219,590,594,332
20200928,2063,591,577,410
20200929,3166,1504,856,489
20200930,3714,1871,990,512
20201001,4601,2395,1152,765
20201002,4313,2853,1589,697
20201003,3133,1956,1289,454
20201004,1495,431,449,272
20201005,1377,383,490,276
20201006,1484,367,456,305
20201007,2403,442,519,358
20201008,5950,3316,1716,601
20201009,4318,2857,1490,571
20201010,3471,2362,1334,519
20201011,1981,432,427,286
20201012,1982,393,572,309
20201013,2121,460,652,356
20201014,2235,455,571,376
20201015,2733,510,390,420
20201016,5125,2782,1539,799
20201017,4190,2945,1678,694
20201018,2391,478,470,371
20201019,2218,488,459,394
20201020,2098,416,439,392
20201021,2320,406,415,442
20201022,3037,585,488,526
20201023,6171,2673,1296,1213
20201024,4791,3051,1563,856
20201025,2817,592,494,462
20201026,2550,554,463,517
20201027,2644,540,466,578
20201028,2820,584,504,595
20201029,3161,732,509,645
20201030,7130,3657,1612,1209
20201031,1189,465,325,711
20201101,1669,454,352,399
20201102,1287,330,380,317
20201103,1226,232,380,394
20201104,1567,392,328,384
20201105,1496,393,352,400
20201106,3756,2085,1040,847
20201107,3067,2154,1185,698
20201108,1468,285,342,374
20201109,1237,294,320,417
20201110,1427,308,410,399
20201111,1445,369,365,426
20201112,1841,460,352,461
20201113,3434,1607,882,799
20201114,2556,1494,925,654
20201115,1568,393,393,396
20201116,1338,280,350,351
20201117,602,174,303,304
20201118,407,90,275,346
20201119,1097,277,325,377
20201120,1960,741,701,554
20201121,1337,440,536,455
20201122,783,179,256,320
20201123,604,154,269,249
20201124,757,201,320,247
20201125,637,181,293,230
20201126,707,210,254,232
20201127,957,314,399,371
20201128,856,242,316,312
20201129,549,177,219,231
20201130,463,118,236,171
20201201,514,130,240,200
20201202,522,123,229,226
20201203,509,142,211,210
20201204,961,311,515,313
20201205,924,373,407,288
20201206,457,113,211,155
20201207,368,127,256,179
20201208,426,109,279,181
20201209,469,140,258,169
20201210,619,142,315,210
20201211,903,308,410,219
20201212,496,148,245,166
20201213,244,71,234,162
20201214,251,110,171,178
20201215,206,94,156,152
20201216,331,118,211,145
20201217,423,116,279,210
20201218,596,184,275,226
20201219,685,232,223,224
20201220,399,109,250,151
20201221,508,132,232,166
20201222,427,127,243,199
20201223,563,163,227,258
20201224,1349,289,208,342
20201225,836,353,307,262
20201226,792,389,272,185
20201227,648,194,221,190
20201228,470,112,199,193
20201229,306,88,221,234
20201230,400,99,222,220
20201231,496,249,212,160
20210101,582,298,312,288
20210102,481,216,255,167
20210103,299,78,164,155
20210104,259,76,185,132
20210105,217,83,145,174
20210106,158,36,79,111
20210107,174,70,122,123
20210108,321,120,200,279
20210109,434,115,198,238
20210110,248,69,139,133
20210111,293,98,165,165
20210112,341,93,162,186
20210113,509,125,182,214
20210114,500,130,202,217
20210115,893,301,332,424
20210116,679,240,268,320
20210117,157,57,130,132
20210118,217,98,196,228
20210119,484,134,216,239
20210120,347,96,235,258
20210121,514,145,211,303
20210122,1695,941,628,574
20210123,2029,1458,821,470
20210124,874,277,328,260
20210125,452,88,204,269
20210126,691,185,245,316
20210127,195,90,164,191
20210128,282,88,204,295
20210129,1014,365,369,549
20210130,1294,757,542,510
20210131,569,130,244,267
20210201,300,86,241,304
20210202,342,97,206,265
20210203,298,89,223,268
20210204,621,135,307,355
20210205,1726,838,601,613
20210206,1242,526,457,546
20210207,536,115,241,328
20210208,639,145,341,354
20210209,1117,265,348,513
20210210,2251,837,546,749
20210211,2627,959,639,687
20210212,3147,1472,929,936
20210213,1808,989,627,720
20210214,900,180,292,489
20210215,373,97,223,322
20210216,327,68,219,317
20210217,378,108,306,387
20210218,1067,187,290,405
20210219,2153,1313,864,667
20210220,2602,1895,992,664
20210221,1514,316,331,472
20210222,944,208,316,480
20210223,1385,274,324,518
20210224,1996,306,435,631
20210225,3107,570,612,649
20210226,3685,2466,1286,887
20210227,4664,3256,1331,1107
20210228,384,76,180,552
20210301,674,160,376,299
20210302,794,214,409,285
20210303,638,184,380,242
20210304,975,334,483,278
20210305,2381,1979,855,705
20210306,2091,2024,988,605
20210307,842,274,383,279
20210308,688,202,364,236
20210309,1039,274,385,283
20210310,752,189,368,304
20210311,657,202,365,385
20210312,3348,1848,934,783
20210313,2553,1584,777,662
20210314,1028,246,355,334
20210315,741,178,390,280
20210316,1045,230,407,307
20210317,1051,243,399,323
20210318,1785,405,482,395
20210319,1296,225,346,881
20210320,2659,1177,940,773
20210321,1197,293,362,339
20210322,1223,294,395,285
20210323,1187,268,392,302
20210324,1408,367,512,319
20210325,2146,376,500,431
20210326,1537,433,565,990
20210327,1564,544,582,777
20210328,1332,240,413,454
20210329,1569,447,617,351
20210330,2274,932,925,391
20210331,2651,1203,1123,445
20210401,3001,1522,1230,435
20210402,940,408,374,902
20210403,3760,4044,2945,730
20210404,2508,1026,825,401
20210405,2144,743,652,383
20210406,2798,851,779,421
20210407,2408,596,656,397
20210408,3894,915,776,513
20210409,7528,4989,2991,775
20210410,5329,4053,2712,667
20210411,694,142,366,354
20210412,1310,323,519,325
20210413,2096,367,538,360
20210414,2556,428,581,344
20210415,1510,212,442,467
20210416,3428,1083,890,924
20210417,4726,3318,2648,783
20210418,2894,553,591,369
20210419,2394,448,575,347
20210420,2549,483,576,374
20210421,2656,419,519,408
20210422,3138,495,585,410
20210423,5889,2733,1923,833
20210424,5186,3325,2634,714
20210425,2890,439,587,453
20210426,2145,335,483,436
20210427,2004,311,407,399
20210428,2779,344,472,462
20210429,2286,311,421,578
20210430,2178,956,753,1081
20210501,4290,2883,2421,912
20210502,5447,948,990,742
20210503,1263,151,348,1139
20210504,6201,5837,4551,1235
20210505,5964,999,863,787
20210506,2816,363,568,799
20210507,1854,613,609,586
20210508,2864,2013,1732,654
20210509,671,110,351,445
20210510,2375,448,611,360
20210511,2246,404,545,397
20210512,2723,461,589,408
20210513,3207,498,659,479
20210514,2154,616,690,954
20210515,695,129,277,776
20210516,929,149,342,449
20210517,4281,588,655,576
20210518,6413,4463,3265,897
20210519,1576,206,421,525
20210520,2193,313,667,509
20210521,5924,3125,2206,912
20210522,4388,2545,1893,665
20210523,2666,465,519,457
20210524,1745,265,418,368
20210525,2860,477,604,378
20210526,1132,168,414,433
20210527,1275,255,424,510
20210528,4004,2171,1280,1013
20210529,3174,2831,2315,817
20210530,2210,381,485,399
20210531,1678,367,489,377
20210601,1823,468,503,411
20210602,515,107,317,352
20210603,3080,579,734,564
20210604,4839,2647,1856,933
20210605,3659,2130,1728,784
20210606,2400,378,502,505
20210607,1796,357,481,347
20210608,1778,300,472,426
20210609,1857,286,464,454
20210610,1632,296,451,611
20210611,4169,1707,1378,869
20210612,3232,1381,1295,836
20210613,1965,361,437,442
20210614,1673,198,364,518
20210615,2305,345,498,457
20210616,2261,313,492,509
20210617,1757,171,440,626
20210618,4568,1805,1638,1034
20210619,3458,1429,1364,826
20210620,2494,299,491,525
20210621,1783,243,462,443
20210622,1311,219,395,454
20210623,2218,283,441,546
20210624,2976,366,515,668
20210625,3612,1213,1087,1269
20210626,3552,1418,1393,986
20210627,1714,208,309,573
20210628,1852,252,362,548
20210629,1401,203,344,515
20210630,2141,259,465,496
20210701,2078,298,444,521
20210702,1797,545,733,979
20210703,1413,293,325,757
20210704,1592,285,325,489
20210705,1275,254,434,384
20210706,818,182,371,300
20210707,616,193,371,318
20210708,909,216,422,281
20210709,1395,523,621,399
20210710,1151,421,519,363
20210711,647,188,319,230
20210712,681,136,317,198
20210713,679,158,353,254
20210714,565,164,332,254
20210715,701,124,294,265
20210716,1082,381,459,326
20210717,1118,386,443,378
20210718,569,147,222,232
20210719,684,173,254,282
20210720,606,156,260,248
20210721,664,143,243,307
20210722,646,152,292,343
20210723,996,255,353,382
20210724,946,238,318,348
20210725,821,145,260,402
20210726,829,126,274,386
20210727,974,149,272,464
20210728,1134,181,324,586
20210729,1175,201,304,560
20210730,1237,327,423,468
20210731,1119,309,424,576
20210801,1350,323,324,819
20210802,1632,321,432,746
20210803,1745,302,357,663
20210804,1679,264,373,562
20210805,1291,289,331,518
20210806,1644,530,567,532
20210807,1598,577,573,605
20210808,1389,239,333,442
20210809,1091,197,278,460
20210810,1490,249,357,430
20210811,1595,272,323,484
20210812,1807,307,422,462
20210813,2430,992,895,603
20210814,3656,1568,1178,937
20210815,3015,1200,1109,701
20210816,1833,337,435,460
20210817,1405,284,397,450
20210818,2092,322,475,481
20210819,1751,366,554,402
20210820,1080,345,392,727
20210821,2607,1498,1305,687
20210822,586,134,280,497
20210823,382,135,283,434
20210824,585,198,348,417
20210825,1601,347,480,395
20210826,746,190,330,439
20210827,3359,2096,1605,755
20210828,2905,1670,1535,667
20210829,1802,444,487,363
20210830,548,107,321,360
20210831,573,178,386,346
20210901,1455,380,487,353
20210902,2175,569,632,465
20210903,4015,3022,2272,819
20210904,3243,2803,2325,680
20210905,1222,363,391,357
20210906,328,93,273,339
20210907,1401,390,496,346
20210908,1842,458,565,368
20210909,2051,450,560,428
20210910,3852,2330,1854,807
20210911,3470,2363,2033,775
20210912,1669,364,497,413
20210913,1634,351,513,445
20210914,1686,365,534,408
20210915,1641,372,554,432
20210916,1795,398,562,489
20210917,3864,1860,1434,806
20210918,5362,2385,2012,1019
20210919,6004,2206,1851,1180
20210920,2957,1240,1016,1020
20210921,3213,1912,1532,923
20210922,4743,798,705,701
20210923,3307,669,686,513
20210924,4105,2053,1583,714
20210925,3363,2330,2060,636
20210926,1863,337,387,382
20210927,1690,222,448,361
20210928,483,121,257,385
20210929,2479,376,448,402
20210930,2955,540,540,436
20211001,5542,2506,1724,891
20211002,8794,3675,2907,1178
20211003,4264,973,896,1013
20211004,1528,278,441,439
20211005,964,153,294,400
20211006,1379,244,400,449
20211007,2496,191,348,683
20211008,9161,3134,2042,1525
20211009,5094,1281,789,1740
20211010,6912,2719,2267,1065
20211011,2832,365,660,525
20211012,3044,458,724,487
20211013,3382,443,591,530
20211014,3413,399,514,596
20211015,5305,1677,1332,1192
20211016,3736,977,897,1166
20211017,2646,320,444,573
20211018,2016,264,371,487
20211019,2855,343,497,543
20211020,3133,350,436,582
20211021,4042,442,575,687
20211022,7849,2247,1665,1502
20211023,6347,2562,1864,1287
20211024,3524,490,511,641
20211025,3371,500,650,638
20211026,3459,484,565,744
20211027,4092,570,538,802
20211028,4573,618,601,777
20211029,8528,2770,1775,1790
20211030,7081,3322,1892,1509
20211031,3193,618,576,582
20211101,2434,584,522,536
20211102,2700,609,553,550
20211103,2939,512,494,606
20211104,3930,767,679,659
20211105,6652,3863,2001,1209
20211106,5076,4039,2288,1008
20211107,607,145,285,666
20211108,474,145,301,494
20211109,1156,229,365,579
20211110,1780,397,389,650
20211111,2454,373,435,764
20211112,4352,1400,1123,1287
20211113,3630,1786,1382,1031
20211114,2336,373,489,745
20211115,1983,401,497,596
20211116,2227,325,430,698
20211117,2094,284,386,751
20211118,2889,475,529,730
20211119,3751,911,1014,1118
20211120,2342,575,605,1006
20211121,1260,188,333,772
20211122,802,161,385,497
20211123,932,182,388,584
20211124,1281,219,450,577
20211125,1691,268,435,729
20211126,2845,817,987,1143
20211127,2683,942,1153,1072
20211128,1591,232,407,702
20211129,341,80,291,565
20211130,679,166,309,563
20211201,758,142,335,559
20211202,1082,167,404,675
20211203,2344,432,599,1078
20211204,2265,649,758,868
20211205,1180,190,345,585
20211206,1040,185,373,534
20211207,1338,208,340,543
20211208,1204,243,380,541
20211209,1419,162,353,573
20211210,3011,628,740,1009
20211211,2384,558,560,1000
20211212,886,138,269,521
20211213,829,126,309,515
20211214,861,129,268,625
20211215,1015,146,282,664
20211216,1072,124,297,802
20211217,1255,166,244,825
20211218,1370,190,262,724
20211219,1120,157,261,619
20211220,1123,141,282,598
20211221,1140,133,248,576
20211222,1305,150,278,673
20211223,2056,141,264,795
20211224,3039,180,227,1951
20211225,940,173,203,943
20211226,856,99,214,923
20211227,1078,98,288,902
20211228,1776,154,260,1119
20211229,1646,145,301,1378
20211230,1597,129,308,1164
20211231,1416,258,353,1027
20220101,1266,272,396,786
20220102,591,102,226,616
20220103,668,107,224,645
20220104,625,114,203,678
20220105,913,136,254,762
20220106,930,166,270,812
20220107,1698,401,558,1171
20220108,1267,301,425,1003
20220109,711,118,233,623
20220110,492,99,223,621
20220111,411,96,220,662
20220112,499,113,250,696
20220113,673,132,280,705
20220114,1623,431,417,1255
20220115,1329,407,466,1181
20220116,620,111,225,680
20220117,505,114,238,674
20220118,368,76,176,517
20220119,518,120,239,647
20220120,766,155,269,743
20220121,1659,444,590,1227
20220122,1881,639,718,1113
20220123,1041,198,264,687
20220124,646,115,230,644
20220125,778,147,346,552
20220126,781,160,334,594
20220127,855,166,370,582
20220128,1350,345,473,897
20220129,1641,443,560,1055
20220130,1799,480,534,1145
20220131,745,219,292,650
20220201,1090,359,429,917
20220202,913,143,276,655
20220203,909,147,331,594
20220204,911,198,391,801
20220205,864,296,439,687
20220206,541,117,338,443
20220207,639,174,351,439
20220208,714,171,393,437
20220209,879,211,406,518
20220210,1142,234,415,543
20220211,2045,690,783,897
20220212,2115,952,953,857
20220213,1038,207,349,526
20220214,772,123,321,540
20220215,549,119,233,520
20220216,608,129,289,556
20220217,1052,213,394,599
20220218,1825,539,701,913
20220219,1279,375,509,928
20220220,1030,141,257,703
20220221,848,125,290,666
20220222,813,134,268,653
20220223,1354,189,340,782
20220224,2286,350,493,794
20220225,1759,505,556,951
20220226,2982,1272,1360,982
20220227,4284,692,796,1309
20220228,1797,748,849,895
20220301,904,230,584,388
20220302,856,227,530,389
20220303,651,218,538,345
20220304,1632,637,772,879
20220305,1659,913,1082,735
20220306,663,222,456,396
20220307,853,256,508,375
20220308,2914,2081,1866,829
20220309,937,237,489,341
20220310,1168,315,549,418
20220311,2966,1784,1648,908
20220312,795,348,424,747
20220313,314,96,326,323
20220314,963,230,518,357
20220315,1180,329,557,381
20220316,751,253,479,367
20220317,721,201,464,447
20220318,830,208,314,1062
20220319,2566,1287,1193,1037
20220320,1236,283,494,450
20220321,1242,310,537,391
20220322,1022,222,440,386
20220323,1374,233,467,445
20220324,1412,276,537,577
20220325,2946,734,744,1429
20220326,4964,2752,2502,1135
20220327,1980,380,634,514
20220328,2371,478,705,549
20220329,982,207,438,463
20220330,1960,365,552,580
20220331,3497,620,876,751
20220401,7639,4315,3275,1588
20220402,5776,3863,3432,1176
20220403,2614,540,808,546
20220404,2547,541,846,536
20220405,2790,622,839,612
20220406,2554,605,915,615
20220407,5094,1235,1543,894
20220408,9147,6432,5099,1791
20220409,6832,6570,4821,1490
20220410,4184,1745,1359,755
20220411,3072,1170,953,633
20220412,1036,301,454,588
20220413,2528,483,524,674
20220414,5357,1067,929,825
20220415,9149,4642,3285,1424
20220416,6322,3639,2843,1176
20220417,4102,577,729,695
20220418,3549,549,721,595
20220419,3829,563,715,640
20220420,4100,596,697,715
20220421,3864,440,581,841
20220422,8394,3353,2558,1422
20220423,6288,2829,2293,1153
20220424,2892,481,625,732
20220425,2364,495,643,681
20220426,3701,517,706,762
20220427,4046,535,747,733
20220428,4552,575,676,1048
20220429,8399,2742,1967,1710
20220430,5121,2645,2127,1120
20220501,3405,562,724,737
20220502,3415,587,811,747
20220503,5270,788,1038,1077
20220504,8046,5731,4877,1460
20220505,10811,2719,2332,2080
20220506,4509,1645,1557,914
20220507,2672,1140,1073,648
20220508,3435,533,666,803
20220509,2763,518,727,579
20220510,2769,469,723,575
20220511,3149,487,728,617
20220512,4279,711,1163,744
20220513,5954,2229,1864,1044
20220514,4835,2259,2093,926
20220515,3254,570,668,623
20220516,2984,528,638,609
20220517,3044,414,585,564
20220518,3251,471,681,584
20220519,4904,728,1208,838
20220520,6857,2407,1910,1165
20220521,5214,2267,1881,930
20220522,3199,443,553,662
20220523,3077,448,599,563
20220524,3128,497,632,566
20220525,2984,489,647,631
20220526,4055,681,913,775
20220527,6029,2192,1761,1064
20220528,4132,1990,1639,848
20220529,2634,370,452,718
20220530,4253,564,641,743
20220531,4691,2216,1876,879
20220601,3782,516,632,836
20220602,3947,578,641,908
20220603,5966,1923,1439,1225
20220604,7045,2608,1902,1676
20220605,3403,1329,1171,1108
20220606,3281,412,617,677
20220607,2348,313,547,493
20220608,1928,271,525,607
20220609,2962,383,636,618
20220610,4562,1561,1418,995
20220611,3683,1539,1500,899
20220612,2328,242,427,589
20220613,2174,303,510,599
20220614,1551,184,440,784
20220615,2348,315,515,676
20220616,2888,400,596,768
20220617,5324,1172,1204,1127
20220618,3491,1324,1169,934
20220619,2525,279,479,645
20220620,2229,258,489,585
20220621,2402,285,496,640
20220622,891,161,388,711
20220623,2398,310,525,829
20220624,4252,1034,1075,1126
20220625,2789,583,700,994
20220626,1161,111,303,788
20220627,817,107,360,635
20220628,587,133,331,688
20220629,815,112,426,710
20220630,3823,2436,2357,1008
