³¯Â¥,PM10,PM2.5
20170101,64.0,49.0
20170102,94.0,64.0
20170103,76.0,47.0
20170104,55.0,33.0
20170105,31.0,19.0
20170106,22.0,13.0
20170107,48.0,31.0
20170108,28.0,20.0
20170109,57.0,41.0
20170110,30.0,13.0
20170111,24.0,10.0
20170112,33.0,14.0
20170113,40.0,11.0
20170114,47.0,10.0
20170115,27.0,13.0
20170116,58.0,31.0
20170117,66.0,43.0
20170118,96.0,67.0
20170119,105.0,65.0
20170120,53.0,32.0
20170121,54.0,36.0
20170122,78.0,23.0
20170123,45.0,30.0
20170124,43.0,29.0
20170125,54.0,39.0
20170126,64.0,45.0
20170127,126.0,17.0
20170128,36.0,12.0
20170129,24.0,13.0
20170130,49.0,30.0
20170131,34.0,20.0
20170201,39.0,20.0
20170202,35.0,15.0
20170203,64.0,40.0
20170204,94.0,63.0
20170205,60.0,46.0
20170206,40.0,24.0
20170207,43.0,22.0
20170208,61.0,32.0
20170209,54.0,16.0
20170210,33.0,15.0
20170211,29.0,14.0
20170212,31.0,17.0
20170213,47.0,26.0
20170214,51.0,29.0
20170215,66.0,40.0
20170216,69.0,44.0
20170217,48.0,18.0
20170218,32.0,18.0
20170219,42.0,27.0
20170220,44.0,26.0
20170221,47.0,33.0
20170222,40.0,30.0
20170223,35.0,24.0
20170224,27.0,18.0
20170225,42.0,33.0
20170226,40.0,28.0
20170227,45.0,29.0
20170228,51.0,31.0
20170301,57.0,40.0
20170302,31.0,23.0
20170303,46.0,27.0
20170304,54.0,33.0
20170305,61.0,47.0
20170306,35.0,26.0
20170307,33.0,23.0
20170308,46.0,23.0
20170309,49.0,24.0
20170310,48.0,30.0
20170311,71.0,41.0
20170312,89.0,72.0
20170313,63.0,46.0
20170314,45.0,27.0
20170315,46.0,29.0
20170316,71.0,49.0
20170317,69.0,61.0
20170318,71.0,48.0
20170319,78.0,55.0
20170320,106.0,74.0
20170321,105.0,70.0
20170322,62.0,35.0
20170323,82.0,38.0
20170324,66.0,34.0
20170325,69.0,39.0
20170326,63.0,39.0
20170327,71.0,49.0
20170328,78.0,47.0
20170329,59.0,36.0
20170330,77.0,41.0
20170331,47.0,28.0
20170401,22.0,14.0
20170402,50.0,30.0
20170403,83.0,50.0
20170404,78.0,37.0
20170405,50.0,27.0
20170406,26.0,15.0
20170407,44.0,23.0
20170408,60.0,34.0
20170409,37.0,18.0
20170410,25.0,12.0
20170411,61.0,19.0
20170412,81.0,11.0
20170413,78.0,22.0
20170414,64.0,22.0
20170415,70.0,28.0
20170416,70.0,30.0
20170417,58.0,24.0
20170418,43.0,20.0
20170419,102.0,17.0
20170420,99.0,21.0
20170421,81.0,22.0
20170422,64.0,21.0
20170423,58.0,22.0
20170424,53.0,20.0
20170425,67.0,46.0
20170426,49.0,15.0
20170427,52.0,14.0
20170428,75.0,23.0
20170429,70.0,25.0
20170430,103.0,50.0
20170501,95.0,46.0
20170502,106.0,46.0
20170503,86.0,35.0
20170504,73.0,33.0
20170505,65.0,26.0
20170506,243.0,24.0
20170507,112.0,16.0
20170508,194.0,42.0
20170509,136.0,33.0
20170510,42.0,19.0
20170511,75.0,35.0
20170512,78.0,46.0
20170513,59.0,28.0
20170514,70.0,17.0
20170515,51.0,13.0
20170516,39.0,17.0
20170517,44.0,19.0
20170518,55.0,28.0
20170519,57.0,27.0
20170520,48.0,23.0
20170521,33.0,19.0
20170522,51.0,30.0
20170523,41.0,22.0
20170524,29.0,15.0
20170525,45.0,15.0
20170526,29.0,7.0
20170527,40.0,14.0
20170528,53.0,22.0
20170529,79.0,33.0
20170530,56.0,22.0
20170531,45.0,20.0
20170601,46.0,18.0
20170602,33.0,9.0
20170603,35.0,12.0
20170604,34.0,14.0
20170605,29.0,14.0
20170606,20.0,10.0
20170607,17.0,9.0
20170608,44.0,27.0
20170609,61.0,34.0
20170610,52.0,22.0
20170611,31.0,11.0
20170612,33.0,11.0
20170613,40.0,16.0
20170614,51.0,20.0
20170615,56.0,23.0
20170616,75.0,28.0
20170617,56.0,24.0
20170618,50.0,24.0
20170619,57.0,25.0
20170620,63.0,22.0
20170621,65.0,23.0
20170622,45.0,24.0
20170623,51.0,23.0
20170624,49.0,22.0
20170625,36.0,18.0
20170626,27.0,13.0
20170627,33.0,17.0
20170628,51.0,26.0
20170629,50.0,31.0
20170630,50.0,34.0
20170701,36.0,26.0
20170702,19.0,11.0
20170703,19.0,13.0
20170704,27.0,21.0
20170705,35.0,24.0
20170706,41.0,28.0
20170707,18.0,10.0
20170708,22.0,13.0
20170709,23.0,13.0
20170710,15.0,7.0
20170711,33.0,21.0
20170712,43.0,27.0
20170713,48.0,31.0
20170714,42.0,28.0
20170715,17.0,11.0
20170716,15.0,9.0
20170717,21.0,12.0
20170718,24.0,19.0
20170719,34.0,24.0
20170720,48.0,34.0
20170721,54.0,40.0
20170722,48.0,39.0
20170723,37.0,29.0
20170724,31.0,21.0
20170725,21.0,13.0
20170726,15.0,9.0
20170727,25.0,14.0
20170728,19.0,14.0
20170729,14.0,7.0
20170730,19.0,15.0
20170731,18.0,12.0
20170801,20.0,11.0
20170802,32.0,20.0
20170803,21.0,12.0
20170804,25.0,17.0
20170805,29.0,19.0
20170806,24.0,17.0
20170807,30.0,21.0
20170808,37.0,25.0
20170809,30.0,19.0
20170810,8.0,5.0
20170811,11.0,5.0
20170812,9.0,4.0
20170813,8.0,5.0
20170814,8.0,4.0
20170815,6.0,3.0
20170816,7.0,4.0
20170817,11.0,5.0
20170818,25.0,15.0
20170819,22.0,11.0
20170820,9.0,5.0
20170821,12.0,6.0
20170822,18.0,10.0
20170823,17.0,8.0
20170824,18.0,7.0
20170825,22.0,10.0
20170826,24.0,10.0
20170827,23.0,12.0
20170828,28.0,15.0
20170829,14.0,8.0
20170830,26.0,9.0
20170831,33.0,18.0
20170901,20.0,10.0
20170902,24.0,13.0
20170903,26.0,17.0
20170904,27.0,14.0
20170905,25.0,13.0
20170906,26.0,16.0
20170907,34.0,22.0
20170908,41.0,25.0
20170909,53.0,34.0
20170910,47.0,30.0
20170911,19.0,13.0
20170912,25.0,11.0
20170913,26.0,13.0
20170914,27.0,13.0
20170915,16.0,8.0
20170916,10.0,5.0
20170917,8.0,4.0
20170918,20.0,10.0
20170919,59.0,39.0
20170920,21.0,9.0
20170921,26.0,14.0
20170922,28.0,18.0
20170923,53.0,25.0
20170924,57.0,35.0
20170925,44.0,24.0
20170926,43.0,23.0
20170927,34.0,18.0
20170928,22.0,7.0
20170929,23.0,8.0
20170930,33.0,16.0
20171001,29.0,17.0
20171002,15.0,9.0
20171003,33.0,11.0
20171004,20.0,8.0
20171005,15.0,7.0
20171006,10.0,6.0
20171007,9.0,5.0
20171008,18.0,12.0
20171009,25.0,17.0
20171010,27.0,16.0
20171011,9.0,6.0
20171012,19.0,9.0
20171013,25.0,13.0
20171014,21.0,10.0
20171015,21.0,11.0
20171016,27.0,14.0
20171017,36.0,18.0
20171018,22.0,12.0
20171019,16.0,8.0
20171020,26.0,12.0
20171021,35.0,17.0
20171022,20.0,10.0
20171023,26.0,9.0
20171024,31.0,13.0
20171025,39.0,20.0
20171026,47.0,25.0
20171027,54.0,29.0
20171028,44.0,24.0
20171029,62.0,21.0
20171030,36.0,14.0
20171031,35.0,16.0
20171101,35.0,19.0
20171102,42.0,25.0
20171103,33.0,23.0
20171104,46.0,36.0
20171105,42.0,30.0
20171106,30.0,19.0
20171107,39.0,22.0
20171108,56.0,26.0
20171109,50.0,24.0
20171110,44.0,20.0
20171111,74.0,14.0
20171112,32.0,18.0
20171113,37.0,22.0
20171114,39.0,14.0
20171115,25.0,12.0
20171116,29.0,17.0
20171117,51.0,29.0
20171118,42.0,26.0
20171119,27.0,13.0
20171120,41.0,23.0
20171121,58.0,35.0
20171122,70.0,34.0
20171123,28.0,13.0
20171124,22.0,14.0
20171125,25.0,17.0
20171126,29.0,19.0
20171127,49.0,30.0
20171128,68.0,46.0
20171129,64.0,25.0
20171130,25.0,10.0
20171201,25.0,13.0
20171202,43.0,26.0
20171203,43.0,29.0
20171204,41.0,22.0
20171205,22.0,13.0
20171206,28.0,21.0
20171207,36.0,26.0
20171208,31.0,24.0
20171209,40.0,25.0
20171210,34.0,23.0
20171211,52.0,11.0
20171212,33.0,18.0
20171213,41.0,23.0
20171214,54.0,36.0
20171215,76.0,55.0
20171216,39.0,26.0
20171217,40.0,14.0
20171218,51.0,35.0
20171219,46.0,18.0
20171220,43.0,29.0
20171221,47.0,36.0
20171222,56.0,45.0
20171223,92.0,67.0
20171224,68.0,52.0
20171225,36.0,16.0
20171226,35.0,15.0
20171227,31.0,14.0
20171228,61.0,30.0
20171229,103.0,62.0
20171230,133.0,87.0
20171231,70.0,33.0
20180101,53.0,23.0
20180102,52.0,27.0
20180103,40.0,20.0
20180104,59.0,27.0
20180105,65.0,36.0
20180106,61.0,29.0
20180107,58.0,33.0
20180108,55.0,36.0
20180109,45.0,20.0
20180110,35.0,12.0
20180111,35.0,20.0
20180112,25.0,14.0
20180113,49.0,26.0
20180114,64.0,37.0
20180115,64.0,46.0
20180116,105.0,73.0
20180117,122.0,89.0
20180118,98.0,56.0
20180119,76.0,30.0
20180120,119.0,64.0
20180121,84.0,38.0
20180122,59.0,30.0
20180123,27.0,11.0
20180124,33.0,10.0
20180125,25.0,11.0
20180126,35.0,19.0
20180127,48.0,26.0
20180128,36.0,20.0
20180129,50.0,16.0
20180130,46.0,23.0
20180131,45.0,21.0
20180201,44.0,25.0
20180202,59.0,33.0
20180203,40.0,20.0
20180204,33.0,22.0
20180205,28.0,15.0
20180206,32.0,19.0
20180207,46.0,26.0
20180208,60.0,36.0
20180209,68.0,43.0
20180210,79.0,41.0
20180211,62.0,15.0
20180212,57.0,15.0
20180213,47.0,13.0
20180214,73.0,29.0
20180215,43.0,15.0
20180216,49.0,22.0
20180217,59.0,12.0
20180218,42.0,18.0
20180219,66.0,38.0
20180220,70.0,41.0
20180221,43.0,19.0
20180222,53.0,28.0
20180223,93.0,62.0
20180224,83.0,53.0
20180225,51.0,32.0
20180226,71.0,45.0
20180227,104.0,66.0
20180228,60.0,35.0
20180301,45.0,32.0
20180302,77.0,31.0
20180303,65.0,26.0
20180304,24.0,17.0
20180305,10.0,6.0
20180306,36.0,17.0
20180307,28.0,14.0
20180308,34.0,25.0
20180309,48.0,33.0
20180310,50.0,31.0
20180311,54.0,30.0
20180312,104.0,58.0
20180313,41.0,23.0
20180314,25.0,12.0
20180315,26.0,17.0
20180316,14.0,6.0
20180317,34.0,18.0
20180318,54.0,37.0
20180319,22.0,13.0
20180320,22.0,8.0
20180321,17.0,6.0
20180322,42.0,25.0
20180323,61.0,42.0
20180324,106.0,74.0
20180325,106.0,78.0
20180326,98.0,52.0
20180327,95.0,60.0
20180328,52.0,36.0
20180329,69.0,49.0
20180330,69.0,39.0
20180331,63.0,30.0
20180401,85.0,41.0
20180402,87.0,33.0
20180403,87.0,25.0
20180404,16.0,8.0
20180405,7.0,5.0
20180406,143.0,28.0
20180407,59.0,24.0
20180408,31.0,15.0
20180409,35.0,21.0
20180410,57.0,20.0
20180411,75.0,27.0
20180412,52.0,16.0
20180413,43.0,16.0
20180414,23.0,13.0
20180415,94.0,22.0
20180416,44.0,24.0
20180417,77.0,32.0
20180418,72.0,36.0
20180419,88.0,42.0
20180420,115.0,59.0
20180421,79.0,42.0
20180422,43.0,24.0
20180423,10.0,7.0
20180424,11.0,6.0
20180425,42.0,29.0
20180426,55.0,36.0
20180427,60.0,41.0
20180428,42.0,23.0
20180429,44.0,25.0
20180430,70.0,49.0
20180501,58.0,45.0
20180502,42.0,30.0
20180503,32.0,16.0
20180504,49.0,20.0
20180505,45.0,23.0
20180506,16.0,10.0
20180507,36.0,20.0
20180508,21.0,9.0
20180509,25.0,12.0
20180510,45.0,24.0
20180511,57.0,32.0
20180512,29.0,18.0
20180513,23.0,15.0
20180514,63.0,40.0
20180515,74.0,44.0
20180516,37.0,25.0
20180517,15.0,9.0
20180518,9.0,5.0
20180519,14.0,6.0
20180520,14.0,7.0
20180521,22.0,13.0
20180522,33.0,24.0
20180523,51.0,13.0
20180524,106.0,30.0
20180525,100.0,38.0
20180526,90.0,43.0
20180527,76.0,34.0
20180528,57.0,30.0
20180529,46.0,30.0
20180530,43.0,24.0
20180531,43.0,25.0
20180601,45.0,27.0
20180602,41.0,22.0
20180603,36.0,22.0
20180604,47.0,31.0
20180605,50.0,37.0
20180606,54.0,42.0
20180607,50.0,35.0
20180608,41.0,27.0
20180609,38.0,24.0
20180610,10.0,5.0
20180611,12.0,5.0
20180612,16.0,8.0
20180613,29.0,20.0
20180614,26.0,19.0
20180615,15.0,7.0
20180616,23.0,13.0
20180617,43.0,29.0
20180618,43.0,28.0
20180619,42.0,29.0
20180620,44.0,31.0
20180621,40.0,26.0
20180622,42.0,25.0
20180623,41.0,24.0
20180624,52.0,36.0
20180625,56.0,35.0
20180626,44.0,31.0
20180627,30.0,20.0
20180628,20.0,13.0
20180629,36.0,26.0
20180630,42.0,25.0
20180701,13.0,5.0
20180702,11.0,5.0
20180703,14.0,6.0
20180704,21.0,11.0
20180705,16.0,10.0
20180706,7.0,3.0
20180707,9.0,3.0
20180708,11.0,5.0
20180709,9.0,4.0
20180710,21.0,10.0
20180711,25.0,13.0
20180712,24.0,13.0
20180713,20.0,12.0
20180714,19.0,12.0
20180715,22.0,15.0
20180716,27.0,19.0
20180717,29.0,21.0
20180718,34.0,24.0
20180719,32.0,23.0
20180720,38.0,26.0
20180721,45.0,31.0
20180722,33.0,23.0
20180723,29.0,20.0
20180724,41.0,28.0
20180725,30.0,20.0
20180726,36.0,25.0
20180727,45.0,31.0
20180728,34.0,23.0
20180729,18.0,12.0
20180730,11.0,5.0
20180731,17.0,9.0
20180801,28.0,17.0
20180802,39.0,25.0
20180803,41.0,30.0
20180804,28.0,19.0
20180805,23.0,16.0
20180806,27.0,18.0
20180807,20.0,12.0
20180808,25.0,17.0
20180809,26.0,17.0
20180810,17.0,9.0
20180811,10.0,5.0
20180812,15.0,11.0
20180813,33.0,21.0
20180814,29.0,20.0
20180815,28.0,18.0
20180816,16.0,7.0
20180817,12.0,4.0
20180818,16.0,6.0
20180819,22.0,12.0
20180820,34.0,20.0
20180821,25.0,15.0
20180822,23.0,14.0
20180823,14.0,6.0
20180824,9.0,4.0
20180825,23.0,12.0
20180826,15.0,9.0
20180827,9.0,4.0
20180828,9.0,3.0
20180829,14.0,6.0
20180830,28.0,18.0
20180831,24.0,15.0
20180901,16.0,8.0
20180902,12.0,6.0
20180903,14.0,7.0
20180904,15.0,6.0
20180905,26.0,10.0
20180906,29.0,16.0
20180907,23.0,12.0
20180908,22.0,10.0
20180909,19.0,10.0
20180910,12.0,4.0
20180911,12.0,5.0
20180912,17.0,7.0
20180913,19.0,9.0
20180914,19.0,9.0
20180915,12.0,6.0
20180916,32.0,22.0
20180917,26.0,15.0
20180918,35.0,17.0
20180919,40.0,19.0
20180920,13.0,8.0
20180921,9.0,3.0
20180922,29.0,10.0
20180923,28.0,10.0
20180924,14.0,6.0
20180925,14.0,7.0
20180926,10.0,5.0
20180927,9.0,4.0
20180928,15.0,7.0
20180929,17.0,7.0
20180930,23.0,10.0
20181001,20.0,9.0
20181002,26.0,13.0
20181003,29.0,16.0
20181004,20.0,11.0
20181005,9.0,5.0
20181006,7.0,4.0
20181007,26.0,10.0
20181008,25.0,9.0
20181009,27.0,11.0
20181010,19.0,10.0
20181011,18.0,8.0
20181012,27.0,12.0
20181013,30.0,17.0
20181014,26.0,16.0
20181015,53.0,30.0
20181016,49.0,24.0
20181017,35.0,17.0
20181018,17.0,8.0
20181019,21.0,9.0
20181020,42.0,19.0
20181021,41.0,21.0
20181022,50.0,26.0
20181023,43.0,21.0
20181024,41.0,16.0
20181025,49.0,20.0
20181026,33.0,16.0
20181027,33.0,6.0
20181028,15.0,8.0
20181030,,
20181029,,
20181031,,
20181113,50.0,25.0
20181114,55.0,25.0
20181115,,40.0
20181116,59.0,45.0
20181117,35.0,20.0
20181118,39.0,27.0
20181119,70.0,37.0
20181120,60.0,23.0
20181121,39.0,18.0
20181122,27.0,9.0
20181123,31.0,13.0
20181124,27.0,18.0
20181125,54.0,41.0
20181126,61.0,46.0
20181127,204.0,59.0
20181128,142.0,31.0
20181129,100.0,31.0
20181130,84.0,34.0
20181111,,
20181110,,
20181105,,
20181101,,
20181103,,
20181108,,
20181109,,
20181112,,
20181106,,
20181107,,
20181102,,
20181104,,
20181201,63.0,30.0
20181202,66.0,36.0
20181203,48.0,32.0
20181204,42.0,22.0
20181205,34.0,14.0
20181206,44.0,20.0
20181207,27.0,10.0
20181208,27.0,8.0
20181209,28.0,12.0
20181210,46.0,23.0
20181211,44.0,23.0
20181212,50.0,26.0
20181213,42.0,27.0
20181214,37.0,19.0
20181215,55.0,36.0
20181216,53.0,41.0
20181217,72.0,51.0
20181218,48.0,29.0
20181219,60.0,35.0
20181220,67.0,39.0
20181221,86.0,52.0
20181222,95.0,67.0
20181223,55.0,29.0
20181224,29.0,13.0
20181225,39.0,24.0
20181226,53.0,26.0
20181227,32.0,9.0
20181228,39.0,12.0
20181229,43.0,9.0
20181230,36.0,18.0
20181231,46.0,27.0
20190101,42.0,27.0
20190102,38.0,22.0
20190103,51.0,29.0
20190104,62.0,41.0
20190105,68.0,38.0
20190106,55.0,25.0
20190107,59.0,36.0
20190108,47.0,18.0
20190109,60.0,22.0
20190110,67.0,36.0
20190111,82.0,57.0
20190112,90.0,63.0
20190113,109.0,77.0
20190114,158.0,126.0
20190115,130.0,79.0
20190116,51.0,18.0
20190117,47.0,23.0
20190118,64.0,40.0
20190119,98.0,69.0
20190120,69.0,34.0
20190121,45.0,21.0
20190122,68.0,34.0
20190123,74.0,42.0
20190124,43.0,19.0
20190125,55.0,19.0
20190126,44.0,16.0
20190127,35.0,16.0
20190128,86.0,21.0
20190129,72.0,20.0
20190130,66.0,32.0
20190131,77.0,18.0
20190201,38.0,15.0
20190202,58.0,34.0
20190203,38.0,31.0
20190204,69.0,31.0
20190205,86.0,23.0
20190206,91.0,31.0
20190207,57.0,28.0
20190208,32.0,14.0
20190209,36.0,14.0
20190210,42.0,19.0
20190211,37.0,18.0
20190212,56.0,31.0
20190213,39.0,17.0
20190214,55.0,24.0
20190215,37.0,24.0
20190216,57.0,42.0
20190217,35.0,20.0
20190218,47.0,25.0
20190219,42.0,31.0
20190220,60.0,46.0
20190221,81.0,61.0
20190222,74.0,51.0
20190223,56.0,33.0
20190224,64.0,44.0
20190225,82.0,56.0
20190226,53.0,25.0
20190227,67.0,38.0
20190228,89.0,56.0
20190301,117.0,79.0
20190302,118.0,78.0
20190303,103.0,68.0
20190304,152.0,102.0
20190305,171.0,122.0
20190306,133.0,93.0
20190307,52.0,32.0
20190308,48.0,24.0
20190309,47.0,25.0
20190310,48.0,27.0
20190311,66.0,42.0
20190312,82.0,45.0
20190313,45.0,8.0
20190314,43.0,17.0
20190315,57.0,31.0
20190316,40.0,27.0
20190317,37.0,20.0
20190318,40.0,21.0
20190319,69.0,41.0
20190320,93.0,68.0
20190321,35.0,26.0
20190322,38.0,17.0
20190323,25.0,12.0
20190324,27.0,11.0
20190325,51.0,28.0
20190326,56.0,33.0
20190327,91.0,61.0
20190328,82.0,54.0
20190329,40.0,21.0
20190330,35.0,27.0
20190331,43.0,26.0
20190401,24.0,14.0
20190402,32.0,18.0
20190403,37.0,24.0
20190404,36.0,21.0
20190405,81.0,26.0
20190406,63.0,21.0
20190407,35.0,18.0
20190408,38.0,14.0
20190409,30.0,12.0
20190410,9.0,8.0
20190411,31.0,21.0
20190412,48.0,32.0
20190413,46.0,31.0
20190414,38.0,23.0
20190415,49.0,17.0
20190416,48.0,23.0
20190417,42.0,21.0
20190418,42.0,30.0
20190419,46.0,27.0
20190420,49.0,29.0
20190421,37.0,32.0
20190422,103.0,48.0
20190423,96.0,50.0
20190424,55.0,45.0
20190425,37.0,22.0
20190426,7.0,10.0
20190427,20.0,14.0
20190428,17.0,15.0
20190429,29.0,21.0
20190430,35.0,25.0
20190501,65.0,31.0
20190502,56.0,20.0
20190503,59.0,33.0
20190504,93.0,63.0
20190505,58.0,40.0
20190506,32.0,14.0
20190507,48.0,21.0
20190508,52.0,28.0
20190509,45.0,30.0
20190510,62.0,39.0
20190511,68.0,41.0
20190512,54.0,38.0
20190513,54.0,39.0
20190514,47.0,40.0
20190515,66.0,50.0
20190516,66.0,47.0
20190517,58.0,44.0
20190518,30.0,17.0
20190519,7.0,14.0
20190520,38.0,17.0
20190521,53.0,24.0
20190522,57.0,28.0
20190523,70.0,39.0
20190524,86.0,52.0
20190525,89.0,58.0
20190526,39.0,21.0
20190527,21.0,14.0
20190528,22.0,9.0
20190529,50.0,24.0
20190530,47.0,24.0
20190531,20.0,12.0
20190601,36.0,26.0
20190602,40.0,23.0
20190603,44.0,22.0
20190604,27.0,17.0
20190605,64.0,46.0
20190606,64.0,47.0
20190607,12.0,9.0
20190608,26.0,17.0
20190609,46.0,37.0
20190610,12.0,8.0
20190611,14.0,8.0
20190612,35.0,21.0
20190613,32.0,20.0
20190614,40.0,25.0
20190615,39.0,20.0
20190616,19.0,12.0
20190617,25.0,16.0
20190618,32.0,22.0
20190619,36.0,26.0
20190620,34.0,23.0
20190621,31.0,21.0
20190622,14.0,7.0
20190623,17.0,9.0
20190624,23.0,11.0
20190625,31.0,18.0
20190626,33.0,18.0
20190627,17.0,10.0
20190628,34.0,24.0
20190629,22.0,15.0
20190630,32.0,23.0
20190701,32.0,23.0
20190702,28.0,20.0
20190703,35.0,24.0
20190704,32.0,20.0
20190705,32.0,18.0
20190706,25.0,16.0
20190707,16.0,9.0
20190708,10.0,4.0
20190709,10.0,5.0
20190710,9.0,5.0
20190711,9.0,2.0
20190712,14.0,7.0
20190713,27.0,20.0
20190714,39.0,33.0
20190715,37.0,30.0
20190716,33.0,24.0
20190717,57.0,48.0
20190718,53.0,46.0
20190719,23.0,21.0
20190720,7.0,3.0
20190721,13.0,8.0
20190722,37.0,29.0
20190723,22.0,15.0
20190724,18.0,11.0
20190725,19.0,13.0
20190726,15.0,13.0
20190727,14.0,10.0
20190728,10.0,6.0
20190729,12.0,7.0
20190730,13.0,8.0
20190731,12.0,7.0
20190801,11.0,7.0
20190802,16.0,10.0
20190803,16.0,10.0
20190804,23.0,15.0
20190805,30.0,22.0
20190806,22.0,14.0
20190807,17.0,12.0
20190808,32.0,25.0
20190809,21.0,12.0
20190810,18.0,11.0
20190811,13.0,7.0
20190812,12.0,9.0
20190813,20.0,12.0
20190814,15.0,8.0
20190815,7.0,3.0
20190816,16.0,9.0
20190817,27.0,15.0
20190818,23.0,14.0
20190819,23.0,15.0
20190820,25.0,16.0
20190821,31.0,21.0
20190822,34.0,24.0
20190823,29.0,16.0
20190824,21.0,11.0
20190825,19.0,11.0
20190826,26.0,15.0
20190827,24.0,18.0
20190828,27.0,18.0
20190829,25.0,18.0
20190830,17.0,9.0
20190831,18.0,10.0
20190901,17.0,11.0
20190902,24.0,13.0
20190903,18.0,9.0
20190904,7.0,4.0
20190905,7.0,4.0
20190906,14.0,6.0
20190907,13.0,3.0
20190908,28.0,18.0
20190909,31.0,20.0
20190910,11.0,8.0
20190911,8.0,3.0
20190912,9.0,5.0
20190913,12.0,6.0
20190914,16.0,9.0
20190915,13.0,8.0
20190916,10.0,5.0
20190917,23.0,8.0
20190918,31.0,12.0
20190919,29.0,10.0
20190920,21.0,8.0
20190921,15.0,6.0
20190922,6.0,2.0
20190923,12.0,5.0
20190924,24.0,12.0
20190925,29.0,16.0
20190926,25.0,16.0
20190927,22.0,11.0
20190928,27.0,17.0
20190929,35.0,24.0
20190930,50.0,37.0
20191001,39.0,27.0
20191002,17.0,12.0
20191003,8.0,5.0
20191004,27.0,19.0
20191005,36.0,22.0
20191006,12.0,5.0
20191007,11.0,8.0
20191008,24.0,11.0
20191009,26.0,12.0
20191010,29.0,15.0
20191011,30.0,18.0
20191012,24.0,11.0
20191013,18.0,8.0
20191014,31.0,15.0
20191015,21.0,9.0
20191016,29.0,15.0
20191017,31.0,17.0
20191018,18.0,9.0
20191019,23.0,12.0
20191020,36.0,26.0
20191021,38.0,23.0
20191022,35.0,21.0
20191023,25.0,14.0
20191024,25.0,15.0
20191025,24.0,12.0
20191026,24.0,13.0
20191027,25.0,14.0
20191028,29.0,18.0
20191029,77.0,22.0
20191030,26.0,11.0
20191031,70.0,25.0
20191101,85.0,36.0
20191102,69.0,38.0
20191103,46.0,30.0
20191104,18.0,8.0
20191105,32.0,19.0
20191106,49.0,32.0
20191107,47.0,21.0
20191108,45.0,17.0
20191109,40.0,19.0
20191110,34.0,22.0
20191111,26.0,15.0
20191112,39.0,22.0
20191113,31.0,19.0
20191114,19.0,5.0
20191115,22.0,13.0
20191116,33.0,21.0
20191117,22.0,15.0
20191118,61.0,12.0
20191119,25.0,5.0
20191120,20.0,5.0
20191121,34.0,12.0
20191122,41.0,16.0
20191123,36.0,15.0
20191124,25.0,14.0
20191125,23.0,10.0
20191126,25.0,12.0
20191127,33.0,15.0
20191128,30.0,13.0
20191129,39.0,16.0
20191130,37.0,19.0
20191201,34.0,23.0
20191202,18.0,6.0
20191203,23.0,11.0
20191204,26.0,10.0
20191205,17.0,4.0
20191206,25.0,8.0
20191207,38.0,20.0
20191208,46.0,32.0
20191209,52.0,36.0
20191210,72.0,53.0
20191211,57.0,36.0
20191212,16.0,7.0
20191213,22.0,9.0
20191214,33.0,19.0
20191215,32.0,18.0
20191216,36.0,17.0
20191217,23.0,14.0
20191218,32.0,18.0
20191219,22.0,9.0
20191220,26.0,15.0
20191221,34.0,23.0
20191222,54.0,40.0
20191223,48.0,39.0
20191224,60.0,48.0
20191225,45.0,33.0
20191226,46.0,32.0
20191227,34.0,23.0
20191228,44.0,25.0
20191229,43.0,26.0
20191230,34.0,23.0
20191231,25.0,16.0
20200101,32.0,22.0
20200102,57.0,39.0
20200103,62.0,43.0
20200104,55.0,38.0
20200105,47.0,33.0
20200106,40.0,28.0
20200107,7.0,4.0
20200108,27.0,22.0
20200109,51.0,43.0
20200110,59.0,48.0
20200111,51.0,40.0
20200112,44.0,35.0
20200113,27.0,17.0
20200114,32.0,22.0
20200115,35.0,23.0
20200116,44.0,29.0
20200117,53.0,36.0
20200118,57.0,38.0
20200119,58.0,45.0
20200120,51.0,28.0
20200121,43.0,24.0
20200122,45.0,29.0
20200123,58.0,40.0
20200124,68.0,50.0
20200125,43.0,34.0
20200126,24.0,17.0
20200127,12.0,6.0
20200128,13.0,6.0
20200129,18.0,9.0
20200130,19.0,10.0
20200131,28.0,20.0
20200201,67.0,53.0
20200202,64.0,52.0
20200203,27.0,17.0
20200204,24.0,16.0
20200205,23.0,12.0
20200206,38.0,20.0
20200207,36.0,24.0
20200208,41.0,31.0
20200209,35.0,26.0
20200210,49.0,33.0
20200211,58.0,36.0
20200212,46.0,33.0
20200213,64.0,53.0
20200214,80.0,63.0
20200215,62.0,49.0
20200216,24.0,19.0
20200217,30.0,20.0
20200218,23.0,15.0
20200219,32.0,24.0
20200220,50.0,38.0
20200221,49.0,38.0
20200222,68.0,38.0
20200223,23.0,12.0
20200224,36.0,20.0
20200225,19.0,10.0
20200226,19.0,10.0
20200227,14.0,7.0
20200228,24.0,17.0
20200229,24.0,16.0
20200301,43.0,32.0
20200302,39.0,30.0
20200303,43.0,32.0
20200304,44.0,34.0
20200305,36.0,28.0
20200306,38.0,26.0
20200307,53.0,36.0
20200308,55.0,43.0
20200309,59.0,43.0
20200310,37.0,29.0
20200311,35.0,14.0
20200312,33.0,12.0
20200313,32.0,14.0
20200314,38.0,18.0
20200315,40.0,17.0
20200316,24.0,12.0
20200317,43.0,20.0
20200318,53.0,29.0
20200319,55.0,21.0
20200320,41.0,9.0
20200321,50.0,17.0
20200322,40.0,16.0
20200323,48.0,26.0
20200324,56.0,35.0
20200325,51.0,30.0
20200326,49.0,30.0
20200327,37.0,19.0
20200328,32.0,8.0
20200329,40.0,15.0
20200330,49.0,25.0
20200331,49.0,26.0
20200401,65.0,30.0
20200402,37.0,24.0
20200403,49.0,26.0
20200404,61.0,24.0
20200405,46.0,22.0
20200406,49.0,19.0
20200407,56.0,24.0
20200408,42.0,18.0
20200409,48.0,24.0
20200410,44.0,25.0
20200411,37.0,23.0
20200412,28.0,17.0
20200413,25.0,11.0
20200414,50.0,27.0
20200415,61.0,35.0
20200416,56.0,31.0
20200417,35.0,19.0
20200418,28.0,12.0
20200419,24.0,15.0
20200420,14.0,7.0
20200421,38.0,9.0
20200422,77.0,10.0
20200423,43.0,13.0
20200424,39.0,15.0
20200425,57.0,24.0
20200426,31.0,15.0
20200427,34.0,17.0
20200428,35.0,18.0
20200429,44.0,23.0
20200430,36.0,20.0
20200501,46.0,28.0
20200502,49.0,29.0
20200503,28.0,18.0
20200504,32.0,16.0
20200505,35.0,18.0
20200506,35.0,18.0
20200507,29.0,12.0
20200508,23.0,11.0
20200509,13.0,8.0
20200510,25.0,18.0
20200511,100.0,24.0
20200512,41.0,15.0
20200513,30.0,9.0
20200514,41.0,13.0
20200515,29.0,11.0
20200516,21.0,13.0
20200517,41.0,25.0
20200518,43.0,27.0
20200519,15.0,6.0
20200520,8.0,3.0
20200521,19.0,8.0
20200522,35.0,22.0
20200523,46.0,30.0
20200524,24.0,17.0
20200525,31.0,21.0
20200526,31.0,19.0
20200527,24.0,13.0
20200528,27.0,17.0
20200529,35.0,21.0
20200530,39.0,25.0
20200531,39.0,28.0
20200501,46.0,28.0
20200502,49.0,29.0
20200503,28.0,18.0
20200504,32.0,16.0
20200505,35.0,18.0
20200506,35.0,18.0
20200507,29.0,12.0
20200508,23.0,11.0
20200509,13.0,8.0
20200510,25.0,18.0
20200511,100.0,24.0
20200512,41.0,15.0
20200513,30.0,9.0
20200514,41.0,13.0
20200515,29.0,11.0
20200516,21.0,13.0
20200517,41.0,25.0
20200518,43.0,27.0
20200519,15.0,6.0
20200520,8.0,3.0
20200521,19.0,8.0
20200522,35.0,22.0
20200523,46.0,30.0
20200524,24.0,17.0
20200525,31.0,21.0
20200526,31.0,19.0
20200527,24.0,13.0
20200528,27.0,17.0
20200529,35.0,21.0
20200530,39.0,25.0
20200531,39.0,28.0
20200601,20.0,9.0
20200602,24.0,13.0
20200603,47.0,23.0
20200604,53.0,23.0
20200605,51.0,25.0
20200606,60.0,35.0
20200607,53.0,29.0
20200608,43.0,24.0
20200609,52.0,28.0
20200610,44.0,26.0
20200611,30.0,20.0
20200612,45.0,24.0
20200613,49.0,28.0
20200614,36.0,23.0
20200615,26.0,15.0
20200616,54.0,38.0
20200617,46.0,30.0
20200618,36.0,22.0
20200619,27.0,17.0
20200620,40.0,24.0
20200621,37.0,24.0
20200622,42.0,25.0
20200623,47.0,30.0
20200624,29.0,21.0
20200625,12.0,7.0
20200626,21.0,14.0
20200627,27.0,18.0
20200628,31.0,20.0
20200629,34.0,24.0
20200630,9.0,5.0
20200701,21.0,12.0
20200702,44.0,34.0
20200703,33.0,23.0
20200704,23.0,15.0
20200705,28.0,22.0
20200706,28.0,20.0
20200707,20.0,14.0
20200708,30.0,20.0
20200709,34.0,24.0
20200710,17.0,10.0
20200711,8.0,3.0
20200712,13.0,8.0
20200713,7.0,4.0
20200714,7.0,3.0
20200715,12.0,5.0
20200716,31.0,19.0
20200717,37.0,25.0
20200718,40.0,28.0
20200719,20.0,15.0
20200720,17.0,10.0
20200721,29.0,21.0
20200722,25.0,17.0
20200723,14.0,9.0
20200724,6.0,2.0
20200725,5.0,3.0
20200726,10.0,6.0
20200727,14.0,7.0
20200728,13.0,6.0
20200729,12.0,6.0
20200730,18.0,13.0
20200731,26.0,18.0
20200801,16.0,9.0
20200802,12.0,6.0
20200803,14.0,8.0
20200804,37.0,25.0
20200807,29.0,19.0
20200808,14.0,8.0
20200809,11.0,6.0
20200810,13.0,6.0
20200811,14.0,7.0
20200812,25.0,14.0
20200813,27.0,13.0
20200814,33.0,21.0
20200815,34.0,26.0
20200816,25.0,15.0
20200817,27.0,18.0
20200818,37.0,27.0
20200819,46.0,33.0
20200820,41.0,30.0
20200821,34.0,21.0
20200822,18.0,9.0
20200823,16.0,9.0
20200824,25.0,18.0
20200825,32.0,24.0
20200826,25.0,18.0
20200827,21.0,14.0
20200828,23.0,16.0
20200829,15.0,9.0
20200830,16.0,12.0
20200831,11.0,4.0
20200805,37.0,21.0
20200806,18.0,8.0
20200901,17.0,9.0
20200902,12.0,7.0
20200903,14.0,7.0
20200904,24.0,13.0
20200905,31.0,21.0
20200906,20.0,14.0
20200907,6.0,3.0
20200908,23.0,13.0
20200909,26.0,20.0
20200910,27.0,20.0
20200911,25.0,16.0
20200912,8.0,6.0
20200913,7.0,3.0
20200914,21.0,13.0
20200915,33.0,23.0
20200916,23.0,16.0
20200917,22.0,9.0
20200918,22.0,9.0
20200919,20.0,10.0
20200920,19.0,11.0
20200921,25.0,12.0
20200922,15.0,8.0
20200923,10.0,3.0
20200924,9.0,4.0
20200925,15.0,5.0
20200926,14.0,6.0
20200927,14.0,7.0
20200928,24.0,14.0
20200929,34.0,20.0
20200930,27.0,18.0
20201001,18.0,12.0
20201002,22.0,16.0
20201003,33.0,20.0
20201004,25.0,15.0
20201005,22.0,9.0
20201006,23.0,11.0
20201007,21.0,11.0
20201008,13.0,6.0
20201009,15.0,8.0
20201010,18.0,9.0
20201011,20.0,11.0
20201012,33.0,18.0
20201013,27.0,11.0
20201014,31.0,14.0
20201015,37.0,15.0
20201016,38.0,20.0
20201017,30.0,18.0
20201018,27.0,17.0
20201019,49.0,30.0
20201020,52.0,33.0
20201021,40.0,26.0
20201022,60.0,29.0
20201023,26.0,11.0
20201024,26.0,12.0
20201025,29.0,16.0
20201026,47.0,28.0
20201027,71.0,48.0
20201028,47.0,27.0
20201029,39.0,16.0
20201030,42.0,19.0
20201031,28.0,16.0
20201101,31.0,20.0
20201102,41.0,18.0
20201103,20.0,8.0
20201104,28.0,10.0
20201105,37.0,17.0
20201106,39.0,23.0
20201107,73.0,38.0
20201108,53.0,16.0
20201109,26.0,9.0
20201110,29.0,13.0
20201111,42.0,21.0
20201112,63.0,41.0
20201113,69.0,48.0
20201114,64.0,45.0
20201115,65.0,48.0
20201116,66.0,45.0
20201117,59.0,42.0
20201118,35.0,27.0
20201119,15.0,8.0
20201120,22.0,14.0
20201121,24.0,17.0
20201122,23.0,17.0
20201123,24.0,16.0
20201124,28.0,17.0
20201125,38.0,25.0
20201126,48.0,33.0
20201127,41.0,28.0
20201128,22.0,15.0
20201129,23.0,15.0
20201130,26.0,17.0
20201201,32.0,20.0
20201202,32.0,20.0
20201203,26.0,16.0
20201204,31.0,20.0
20201205,35.0,24.0
20201206,39.0,29.0
20201207,46.0,35.0
20201208,24.0,15.0
20201209,35.0,24.0
20201210,55.0,41.0
20201211,91.0,73.0
20201212,50.0,35.0
20201213,33.0,23.0
20201214,20.0,11.0
20201215,17.0,10.0
20201216,19.0,11.0
20201217,28.0,18.0
20201218,30.0,21.0
20201219,24.0,12.0
20201220,24.0,16.0
20201221,35.0,27.0
20201222,43.0,34.0
20201223,57.0,46.0
20201224,54.0,34.0
20201225,27.0,15.0
20201226,48.0,30.0
20201227,62.0,44.0
20201228,55.0,42.0
20201229,59.0,45.0
20201230,30.0,12.0
20201231,24.0,13.0
20210101,25.0,16.0
20210102,30.0,10.0
20210103,34.0,14.0
20210104,37.0,25.0
20210105,22.0,13.0
20210106,22.0,13.0
20210107,29.0,10.0
20210108,16.0,10.0
20210109,21.0,14.0
20210110,26.0,20.0
20210111,39.0,30.0
20210112,50.0,42.0
20210113,84.0,38.0
20210114,72.0,32.0
20210115,66.0,33.0
20210116,47.0,35.0
20210117,17.0,12.0
20210118,31.0,17.0
20210119,26.0,13.0
20210120,36.0,22.0
20210122,22.0,18.0
20210123,9.0,7.0
20210124,12.0,9.0
20210125,22.0,14.0
20210126,26.0,19.0
20210127,34.0,17.0
20210128,27.0,14.0
20210129,21.0,8.0
20210130,39.0,19.0
20210131,45.0,24.0
20210121,41.0,27.0
20210201,56.0,31.0
20210202,27.0,16.0
20210203,28.0,17.0
20210204,22.0,14.0
20210205,21.0,13.0
20210206,48.0,31.0
20210207,68.0,45.0
20210208,25.0,16.0
20210209,22.0,13.0
20210210,29.0,19.0
20210211,54.0,38.0
20210212,74.0,56.0
20210213,85.0,65.0
20210214,91.0,73.0
20210215,48.0,34.0
20210216,22.0,11.0
20210217,37.0,9.0
20210218,39.0,13.0
20210219,40.0,21.0
20210220,56.0,28.0
20210221,63.0,37.0
20210222,51.0,25.0
20210223,45.0,13.0
20210224,45.0,18.0
20210225,51.0,27.0
20210226,33.0,19.0
20210227,16.0,8.0
20210228,24.0,13.0
20210301,15.0,9.0
20210302,10.0,6.0
20210303,32.0,18.0
20210304,40.0,25.0
20210305,35.0,20.0
20210306,27.0,15.0
20210307,23.0,13.0
20210308,41.0,25.0
20210309,48.0,29.0
20210310,85.0,60.0
20210311,112.0,84.0
20210312,60.0,41.0
20210313,51.0,34.0
20210314,67.0,50.0
20210315,68.0,49.0
20210316,80.0,15.0
20210317,93.0,17.0
20210318,96.0,38.0
20210319,68.0,25.0
20210320,27.0,12.0
20210321,43.0,31.0
20210322,36.0,15.0
20210323,70.0,25.0
20210324,57.0,24.0
20210325,59.0,27.0
20210326,92.0,55.0
20210327,53.0,30.0
20210328,17.0,12.0
20210329,263.0,43.0
20210330,130.0,28.0
20210331,42.0,17.0
20210401,45.0,14.0
20210402,47.0,15.0
20210403,31.0,12.0
20210404,10.0,5.0
20210405,22.0,10.0
20210406,39.0,23.0
20210407,51.0,30.0
20210408,33.0,15.0
20210409,33.0,16.0
20210410,33.0,19.0
20210411,45.0,24.0
20210412,35.0,21.0
20210413,14.0,8.0
20210414,26.0,13.0
20210415,39.0,19.0
20210416,69.0,16.0
20210417,75.0,14.0
20210418,30.0,13.0
20210419,45.0,21.0
20210420,63.0,32.0
20210421,75.0,37.0
20210422,70.0,36.0
20210423,44.0,22.0
20210424,26.0,12.0
20210425,26.0,13.0
20210426,31.0,13.0
20210427,31.0,15.0
20210428,54.0,21.0
20210429,60.0,19.0
20210430,33.0,16.0
20210501,24.0,12.0
20210502,15.0,7.0
20210503,28.0,17.0
20210504,28.0,17.0
20210505,42.0,10.0
20210506,66.0,16.0
20210507,326.0,53.0
20210508,456.0,70.0
20210509,50.0,11.0
20210510,22.0,9.0
20210511,22.0,10.0
20210512,24.0,11.0
20210513,45.0,26.0
20210514,55.0,34.0
20210515,47.0,33.0
20210516,10.0,4.0
20210517,11.0,4.0
20210518,25.0,13.0
20210519,32.0,20.0
20210520,27.0,14.0
20210521,13.0,8.0
20210522,26.0,16.0
20210523,29.0,20.0
20210524,120.0,48.0
20210525,100.0,32.0
20210526,41.0,17.0
20210527,38.0,19.0
20210528,35.0,20.0
20210529,23.0,12.0
20210530,26.0,15.0
20210531,34.0,20.0
20210601,41.0,26.0
20210602,51.0,32.0
20210603,35.0,20.0
20210604,25.0,11.0
20210605,41.0,21.0
20210606,57.0,34.0
20210607,36.0,18.0
20210608,38.0,22.0
20210609,40.0,24.0
20210610,51.0,34.0
20210611,21.0,14.0
20210612,23.0,14.0
20210613,34.0,23.0
20210614,40.0,24.0
20210615,27.0,18.0
20210616,10.0,5.0
20210617,17.0,9.0
20210618,19.0,12.0
20210619,42.0,27.0
20210620,48.0,31.0
20210621,43.0,25.0
20210622,22.0,13.0
20210623,18.0,10.0
20210624,31.0,20.0
20210625,37.0,25.0
20210626,22.0,15.0
20210627,22.0,14.0
20210628,27.0,17.0
20210629,32.0,21.0
20210630,38.0,27.0
20210701,38.0,25.0
20210702,28.0,17.0
20210703,14.0,8.0
20210704,9.0,5.0
20210705,21.0,12.0
20210706,42.0,26.0
20210707,28.0,17.0
20210708,23.0,14.0
20210709,19.0,11.0
20210710,25.0,17.0
20210711,30.0,20.0
20210712,28.0,18.0
20210713,34.0,21.0
20210714,22.0,12.0
20210715,23.0,13.0
20210716,20.0,11.0
20210717,17.0,11.0
20210718,14.0,7.0
20210719,15.0,9.0
20210720,20.0,12.0
20210721,23.0,14.0
20210722,25.0,16.0
20210723,27.0,17.0
20210724,26.0,17.0
20210725,22.0,16.0
20210726,22.0,14.0
20210727,28.0,19.0
20210728,34.0,19.0
20210729,51.0,33.0
20210730,33.0,21.0
20210731,24.0,16.0
20210801,29.0,20.0
20210802,15.0,8.0
20210803,21.0,14.0
20210804,25.0,15.0
20210805,26.0,18.0
20210806,19.0,10.0
20210807,18.0,9.0
20210808,17.0,10.0
20210809,12.0,6.0
20210810,21.0,11.0
20210811,35.0,24.0
20210812,39.0,26.0
20210813,30.0,19.0
20210814,14.0,7.0
20210815,12.0,6.0
20210816,19.0,11.0
20210817,16.0,8.0
20210818,12.0,4.0
20210819,15.0,7.0
20210820,19.0,10.0
20210821,14.0,7.0
20210822,24.0,15.0
20210823,25.0,15.0
20210824,12.0,5.0
20210825,18.0,7.0
20210826,38.0,20.0
20210827,34.0,17.0
20210828,34.0,18.0
20210829,29.0,18.0
20210830,42.0,27.0
20210831,31.0,20.0
20210901,6.0,1.0
20210902,13.0,5.0
20210903,14.0,5.0
20210904,10.0,3.0
20210905,10.0,4.0
20210906,17.0,7.0
20210907,9.0,5.0
20210908,11.0,4.0
20210909,27.0,13.0
20210910,33.0,19.0
20210911,32.0,22.0
20210912,25.0,15.0
20210913,26.0,15.0
20210914,21.0,9.0
20210915,14.0,6.0
20210916,14.0,5.0
20210917,12.0,3.0
20210918,13.0,4.0
20210919,14.0,7.0
20210920,13.0,5.0
20210921,17.0,9.0
20210922,13.0,6.0
20210923,18.0,7.0
20210924,17.0,8.0
20210925,8.0,3.0
20210926,8.0,2.0
20210927,11.0,4.0
20210928,13.0,5.0
20210929,14.0,7.0
20210930,21.0,11.0
20211001,35.0,19.0
20211002,27.0,16.0
20211003,37.0,24.0
20211004,39.0,21.0
20211005,40.0,16.0
20211006,9.0,2.0
20211007,17.0,7.0
20211008,22.0,12.0
20211009,15.0,6.0
20211010,23.0,12.0
20211011,28.0,10.0
20211012,13.0,3.0
20211013,14.0,4.0
20211014,24.0,10.0
20211015,24.0,12.0
20211016,33.0,9.0
20211017,23.0,6.0
20211018,26.0,10.0
20211019,28.0,16.0
20211020,31.0,16.0
20211021,41.0,23.0
20211022,38.0,22.0
20211023,40.0,23.0
20211024,31.0,21.0
20211025,33.0,20.0
20211026,44.0,26.0
20211027,50.0,28.0
20211028,33.0,14.0
20211029,28.0,11.0
20211030,24.0,13.0
20211031,31.0,19.0
20211101,36.0,22.0
20211102,43.0,27.0
20211103,46.0,30.0
20211104,50.0,33.0
20211105,61.0,41.0
20211106,54.0,33.0
20211107,36.0,21.0
20211108,11.0,5.0
20211109,9.0,5.0
20211110,17.0,8.0
20211111,20.0,8.0
20211112,21.0,9.0
20211113,28.0,13.0
20211114,49.0,24.0
20211115,58.0,28.0
20211116,54.0,25.0
20211117,38.0,19.0
20211118,52.0,26.0
20211119,94.0,56.0
20211120,129.0,87.0
20211121,111.0,82.0
20211122,44.0,15.0
20211123,30.0,10.0
20211124,27.0,12.0
20211125,48.0,17.0
20211126,26.0,12.0
20211127,35.0,18.0
20211128,41.0,26.0
20211129,46.0,28.0
20211130,22.0,14.0
20211201,19.0,8.0
20211202,22.0,12.0
20211203,21.0,9.0
20211204,22.0,10.0
20211205,32.0,19.0
20211206,45.0,25.0
20211207,45.0,26.0
20211208,33.0,18.0
20211209,34.0,19.0
20211210,31.0,17.0
20211211,62.0,39.0
20211212,42.0,23.0
20211213,22.0,10.0
20211214,30.0,16.0
20211215,67.0,45.0
20211216,85.0,56.0
20211217,39.0,19.0
20211218,24.0,11.0
20211219,32.0,14.0
20211220,48.0,25.0
20211221,60.0,34.0
20211222,33.0,16.0
20211223,44.0,26.0
20211224,48.0,33.0
20211225,26.0,12.0
20211226,18.0,8.0
20211227,29.0,16.0
20211228,47.0,33.0
20211229,56.0,40.0
20211230,28.0,15.0
20211231,23.0,7.0
20220101,28.0,15.0
20220102,33.0,23.0
20220103,25.0,15.0
20220104,35.0,20.0
20220105,47.0,31.0
20220106,52.0,34.0
20220107,62.0,42.0
20220108,54.0,39.0
20220109,112.0,89.0
20220110,84.0,69.0
20220111,32.0,20.0
20220112,30.0,15.0
20220113,34.0,12.0
20220114,34.0,15.0
20220115,43.0,25.0
20220116,43.0,25.0
20220117,26.0,13.0
20220118,39.0,20.0
20220119,42.0,30.0
20220120,39.0,30.0
20220121,37.0,27.0
20220122,45.0,32.0
20220123,62.0,46.0
20220124,23.0,16.0
20220125,30.0,22.0
20220126,56.0,43.0
20220127,61.0,42.0
20220128,37.0,21.0
20220129,30.0,16.0
20220130,34.0,19.0
20220131,31.0,20.0
20220201,45.0,37.0
20220202,31.0,22.0
20220203,25.0,14.0
20220204,23.0,12.0
20220205,29.0,9.0
20220206,24.0,11.0
20220207,28.0,15.0
20220208,31.0,19.0
20220209,38.0,25.0
20220210,47.0,31.0
20220211,80.0,59.0
20220212,84.0,61.0
20220213,55.0,38.0
20220214,42.0,30.0
20220215,36.0,23.0
20220216,29.0,19.0
20220217,32.0,18.0
20220218,43.0,26.0
20220219,41.0,25.0
20220220,30.0,14.0
20220221,28.0,13.0
20220222,31.0,13.0
20220223,27.0,12.0
20220224,30.0,15.0
20220225,63.0,40.0
20220226,63.0,38.0
20220227,45.0,22.0
20220228,38.0,14.0
20220301,36.0,21.0
20220302,29.0,13.0
20220303,47.0,21.0
20220304,86.0,33.0
20220305,89.0,14.0
20220306,41.0,8.0
20220307,36.0,14.0
20220308,51.0,22.0
20220309,73.0,38.0
20220310,68.0,35.0
20220311,66.0,32.0
20220312,66.0,34.0
20220313,16.0,9.0
20220314,16.0,8.0
20220315,39.0,25.0
20220316,69.0,36.0
20220317,48.0,21.0
20220318,8.0,2.0
20220319,7.0,3.0
20220320,20.0,12.0
20220321,29.0,15.0
20220322,35.0,21.0
20220323,35.0,20.0
20220324,42.0,26.0
20220325,62.0,40.0
20220326,13.0,6.0
20220327,32.0,14.0
20220328,30.0,13.0
20220329,41.0,17.0
20220330,38.0,16.0
20220331,23.0,10.0
20220401,18.0,7.0
20220402,33.0,17.0
20220403,44.0,27.0
20220404,52.0,34.0
20220405,43.0,25.0
20220406,49.0,23.0
20220407,37.0,10.0
20220408,45.0,18.0
20220409,55.0,27.0
20220410,46.0,25.0
20220411,40.0,21.0
20220412,32.0,18.0
20220413,14.0,7.0
20220414,14.0,5.0
20220415,23.0,10.0
20220416,37.0,19.0
20220417,48.0,26.0
20220418,56.0,32.0
20220419,61.0,37.0
20220420,66.0,42.0
20220421,53.0,29.0
20220422,47.0,25.0
20220423,55.0,34.0
20220424,53.0,31.0
20220425,51.0,32.0
20220426,45.0,21.0
20220427,137.0,16.0
20220428,77.0,15.0
20220429,11.0,4.0
20220430,18.0,9.0
20220501,44.0,18.0
20220502,45.0,21.0
20220503,40.0,21.0
20220504,43.0,21.0
20220505,34.0,17.0
20220506,39.0,19.0
20220507,30.0,12.0
20220508,18.0,7.0
20220509,17.0,7.0
20220510,26.0,13.0
20220511,33.0,19.0
20220512,35.0,17.0
20220513,32.0,15.0
20220514,36.0,11.0
20220515,26.0,10.0
20220516,34.0,13.0
20220517,54.0,27.0
20220518,60.0,33.0
20220519,45.0,21.0
20220520,38.0,23.0
20220521,36.0,20.0
20220522,41.0,24.0
20220523,63.0,37.0
20220524,33.0,18.0
20220525,26.0,13.0
20220526,25.0,9.0
20220527,27.0,10.0
20220528,33.0,18.0
20220529,32.0,21.0
20220530,32.0,20.0
20220531,27.0,8.0
20220601,25.0,10.0
20220602,31.0,15.0
20220603,42.0,24.0
20220604,38.0,20.0
20220605,26.0,15.0
20220606,8.0,3.0
20220607,7.0,3.0
20220608,16.0,9.0
20220609,27.0,15.0
20220610,31.0,18.0
20220611,25.0,14.0
20220612,22.0,15.0
20220613,26.0,15.0
20220614,15.0,5.0
20220615,9.0,4.0
20220616,19.0,9.0
20220617,34.0,22.0
20220618,25.0,14.0
20220619,22.0,11.0
20220620,29.0,15.0
20220621,34.0,19.0
20220622,31.0,17.0
20220623,32.0,17.0
20220624,23.0,16.0
20220625,46.0,33.0
20220626,22.0,12.0
20220627,13.0,5.0
20220628,16.0,6.0
20220629,14.0,7.0
20220630,7.0,4.0
