축제이름,시작날짜,종료날짜
블러드시티,20220902,20221120
썸머워터 펀,20220617,20220828
플라워 아트&마켓,20220513,20220612
튤립가든,20220318,20220424
Winter Wishes,20211203,20220301
블러드시티,20210923,20211121
썸머워터 펀,20210618,20210829
로즈가든,20210514,20210613
블러드시티,20200904,20201122
썸머워터 펀,20200703,20200830
로즈가든,20200515,20200614
블러드시티,20190830,20191117
썸머워터 펀,20190621,20190825
장미축제,20190517,20190616
하늘매화길,20190329,20190506
튤립축제,20190316,20190428
벚꽃축제,20190405,20190407
콩그레듀에이션,20190202,20190314
크리스마스 판타지,20181116,20181231
월간 로라 코스타,20181101,20181202
블러드시티,20180831,20181111
썸머워터 펀,20180618,20180826
장미축제,20180518,20180617
벚꽃축제,20180413,20180415
튤립축제,20180316,20180429
설날 스트레스 날리시개,20180215,20180218
코스터위크,20180214,20180315
